username,review,rating,date,cleaned_review
mpangazehe julius iverson,can't open the app- keeps telling me to first switch off the wifi on my phone and use data instead yet my wifi is off,1,2026-05-10 23:13:10,cant open the app keeps telling me to first switch off the wifi on my phone and use data instead yet my wifi is off
Nambassa Babie,doesn't make transactions,1,2026-05-10 12:29:24,doesnt make transactions
Douccette Occupy,App nolonger works. Am having problems connecting onlin with an invalid network mark.,1,2026-05-10 04:06:59,app nolonger works am having problems connecting onlin with an invalid network mark
Torkyo Ungle,"à she eba , joucko",3,2026-05-09 23:59:29,she eba joucko
John Henry,good service,5,2026-05-08 23:48:47,good service
Robert Byekwaso,excellent speed and very reliable,4,2026-05-08 18:42:14,excellent speed and very reliable
Lukas den Admirant,"I'm using MTN Internet but still it keeps showing ""use MTN data to access"".",1,2026-05-08 12:11:08,im using mtn internet but still it keeps showing use mtn data to access
Uche Ojadi,"Not really functional, can only show balances and nothing more. Even data balance is incorrect",2,2026-05-07 13:32:22,not really functional can only show balances and nothing more even data balance is incorrect
Kalayi Brian,completely can't reconnect my number online since they require me to use MTN number yet it's disconnected and WiFi or other line failed due to that restriction,1,2026-05-07 10:18:44,completely cant reconnect my number online since they require me to use mtn number yet its disconnected and wifi or other line failed due to that restriction
Jeth Tendo,"Why should the app only open if I have data connection on mtn line? It's very inconveniencing. on WiFi, it can't open. With airtel data, it can't open. It only operates on mtn data connection! Please find a way around this.",1,2026-05-07 10:10:12,why should the app only open if i have data connection on mtn line its very inconveniencing on wifi it cant open with airtel data it cant open it only operates on mtn data connection please find a way around this
Nanfuka Safina,it is not showing connection and the momo app is not working also.,1,2026-05-06 15:09:56,it is not showing connection and the momo app is not working also
Brainano Brain,the best so far I can say,5,2026-05-05 15:35:50,the best so far i can say
Mukumbya Henry,good feelings with you,5,2026-05-05 01:23:01,good feelings with you
Elvis Gatsby,the app keeps saying unable to connect,1,2026-05-04 12:32:03,the app keeps saying unable to connect
Jack Wattson,fantastic app,5,2026-05-04 00:07:07,fantastic app
Mugenyi Kevin David,very bad experience. uninstalling it!,1,2026-05-02 16:55:23,very bad experience uninstalling it
Shilah zziwa,it refused to open,1,2026-05-02 12:33:04,it refused to open
KULE PAUL,Good performance,5,2026-05-02 08:35:07,good performance
Douglas Okello,"it never open, says switch off WiFi even if I'm on data😩😩",2,2026-05-02 06:14:48,it never open says switch off wifi even if im on data
Jabulon Alyao,keeps saying please turn your WiFi and use mobile data even if I'm using my MTN data,1,2026-04-30 19:36:11,keeps saying please turn your wifi and use mobile data even if im using my mtn data
Kasule Yahaya,At first it was working very well but after some time it stopped responding most especially when ur buying cheap bundles.... it pushes you to the expensive bundles,1,2026-04-29 17:02:46,at first it was working very well but after some time it stopped responding most especially when ur buying cheap bundles it pushes you to the expensive bundles
Nuwagaba Ibrahim,it fails to work with the new mtn number of 079,3,2026-04-29 12:08:38,it fails to work with the new mtn number of
Godfrey Okoth,Asking me to turn off WiFi in order to access account when WiFi is off,1,2026-04-29 10:48:09,asking me to turn off wifi in order to access account when wifi is off
Mr Grandson Smoke,Lend me some big racks,5,2026-04-28 18:23:14,lend me some big racks
Ssenyungule Herbert,"hi, it would be helpful to make the app available for use on wifi or any other Internet connection rather than mtn mobile internet alone. look forward to your feedback.",2,2026-04-28 07:40:25,hi it would be helpful to make the app available for use on wifi or any other internet connection rather than mtn mobile internet alone look forward to your feedback
nabatanzi Iryn,thy have told me to download it so that I can pay wifi,1,2026-04-27 22:14:39,thy have told me to download it so that i can pay wifi
Muwonge Dalausi Bause,Mtn is good,5,2026-04-27 20:18:54,mtn is good
Mugabi J.c.hisexellency,But this ki app! very very useless coz It can't connect always says connect to the WiFi,1,2026-04-26 20:59:47,but this ki app very very useless coz it cant connect always says connect to the wifi
Sheilah Shamim,it's not working,1,2026-04-26 16:00:04,its not working
Cyber Mars,"""Invalid Mobile network. Yello. please turn off your WiFi connection and use MTN mobile internet to access your account."" What could this mean because I am not using WiFi?",1,2026-04-25 14:56:18,invalid mobile network yello please turn off your wifi connection and use mtn mobile internet to access your account what could this mean because i am not using wifi
Belinda Busingye,I can't see my mobile money account and yet that's the main reason I downloaded it.,1,2026-04-25 09:29:11,i cant see my mobile money account and yet thats the main reason i downloaded it
Aineamatsiko Brian,mtn improve your app,1,2026-04-23 19:12:16,mtn improve your app
Nazziwa Alaisa,not work when u open,5,2026-04-23 10:20:40,not work when u open
Leticia Costance,it's not opening,1,2026-04-22 10:31:08,its not opening
Bogere Mike,mine has failed it keeps requesting I discount wifi despite me doing so,2,2026-04-22 09:08:41,mine has failed it keeps requesting i discount wifi despite me doing so
Peter okurut,"Every time I try to login I'm told disconnect wifi and use cellular data, and when I try that it again tells me there's no network, I've tried several times and given up.",1,2026-04-22 08:31:57,every time i try to login im told disconnect wifi and use cellular data and when i try that it again tells me theres no network ive tried several times and given up
Winnie Busima (Winnie Busima),"Tell me why I can't use WIFI but instead data, I am using your very WIFI wakanet and today I wanted to check for the data quota and its bringing wrong USSD. When did you change the USSD? and didn't tell us. 1 months in and I have started to shout??",2,2026-04-21 17:07:05,tell me why i cant use wifi but instead data i am using your very wifi wakanet and today i wanted to check for the data quota and its bringing wrong ussd when did you change the ussd and didnt tell us months in and i have started to shout
Francis Musango,can't log in even with mtn internet,1,2026-04-20 21:53:46,cant log in even with mtn internet
Counsel zaharah,"The app has failed like how many times , this is too much",1,2026-04-20 13:42:40,the app has failed like how many times this is too much
fredda Onekz,this app looks like a scam in your data. I can't even open it because it keeps rejecting that I use mtn data yet I use no line apart from mtn for cellular data,1,2026-04-19 23:24:00,this app looks like a scam in your data i cant even open it because it keeps rejecting that i use mtn data yet i use no line apart from mtn for cellular data
Emmanuel Songa,"this app now failed to perform the work, is now worse, it keep telling survival errors",1,2026-04-19 18:45:49,this app now failed to perform the work is now worse it keep telling survival errors
Tsawodzi Atsu,I want to use this bundle,5,2026-04-19 06:39:55,i want to use this bundle
KISAKYE LYNDA,not working,1,2026-04-19 01:05:59,not working
Rolenzo Dj,amazing to use,4,2026-04-18 20:22:46,amazing to use
Anam Raymond,The best network ever,5,2026-04-18 06:58:17,the best network ever
Tumuhairwe Scovia,not working for me,1,2026-04-17 18:53:29,not working for me
Patricia Abaho,MyMTNUganda is terrible! MTN Uganda Internet will let you down..,1,2026-04-17 18:21:24,mymtnuganda is terrible mtn uganda internet will let you down
Kizito Vicent,the up is acting weared it show invalid mobile network even if your are connected to moblie network,1,2026-04-17 15:24:01,the up is acting weared it show invalid mobile network even if your are connected to moblie network
Lucky Chilling,real mtn app,5,2026-04-16 18:33:13,real mtn app
Murket Elijah Chemoiko,why it say turn off WiFi but wifi off. I can't access the app,3,2026-04-16 11:08:12,why it say turn off wifi but wifi off i cant access the app
Fathi Karim,Not working for MTN Sudan anymore. Why?,1,2026-04-15 12:26:34,not working for mtn sudan anymore why
ATUKUNDA SUZAN,the app doesn't even work after downloading it 👐,1,2026-04-15 11:52:15,the app doesnt even work after downloading it
Ssembule Jos,app doesn't open. keeps bringing invalid mobile network.,1,2026-04-15 08:53:19,app doesnt open keeps bringing invalid mobile network
Muyingo Isma,Best app ever,4,2026-04-12 13:25:26,best app ever
FEB 11 OFFICIAL,it is very good,4,2026-04-11 17:24:35,it is very good
Bashk International,I like mtn network more than other networks,5,2026-04-11 10:02:01,i like mtn network more than other networks
Ssemwogerere Phillip,"hello mtn ,why is my mtn limiting me on afree data to use this app, what can i do because i thought its free so long as am using mtn internet",1,2026-04-10 19:20:48,hello mtn why is my mtn limiting me on afree data to use this app what can i do because i thought its free so long as am using mtn internet
Sauda Zaria,"It's very annoying. Even when you have data, it doesn't work as expected.",2,2026-04-09 17:35:33,its very annoying even when you have data it doesnt work as expected
Solomon Onena,"Smooth, reliable, and user-friendly - one of the best telecom apps. Highly impressed with the performance!",5,2026-04-08 22:55:10,smooth reliable and userfriendly one of the best telecom apps highly impressed with the performance
Deryck,Too slow to open up its really annoying sometimes it totally refuses to open up even when there is internet connection. I for one don't recommend it for other staff apart from data discounts.,1,2026-04-08 22:39:47,too slow to open up its really annoying sometimes it totally refuses to open up even when there is internet connection i for one dont recommend it for other staff apart from data discounts
kayongo patrick,unrivaled app,5,2026-04-08 07:07:24,unrivaled app
mccolvin okiria,"It just doesn't open,it keeps bringing Invalid mobile network and that's where it stops",1,2026-04-06 14:10:22,it just doesnt openit keeps bringing invalid mobile network and thats where it stops
John Chol Akeen Akeen,more interested,5,2026-04-05 16:03:20,more interested
Nabbanja Babra,MTN is very good and easy,5,2026-04-02 12:57:32,mtn is very good and easy
giraneza jimmy,not working well,1,2026-04-01 13:41:12,not working well
Ntanzi Edrine,Fast and affordable,5,2026-03-31 08:29:04,fast and affordable
Kimera,"Good app,I really love it 😀",5,2026-03-28 15:31:16,good appi really love it
Baguma Bumali,The app is good,1,2026-03-28 06:56:40,the app is good
Mariam Wanyana,the network is poor,1,2026-03-24 09:34:17,the network is poor
Kashalt Rash,this app is🤮🤮🤮🤮,1,2026-03-24 06:27:00,this app is
Twebaze Allen,This is a great app. the services are easier used,5,2026-03-23 23:39:23,this is a great app the services are easier used
Quincy Kelly,Fast Easy and Reliable,5,2026-03-23 23:15:08,fast easy and reliable
Fathi Ayiko,Has failed to work in my phone,1,2026-03-23 16:21:26,has failed to work in my phone
Nasasira Isaac,very poor won't let me even login,1,2026-03-22 15:48:34,very poor wont let me even login
Michael Nagenda,it doesn't launch,1,2026-03-22 11:20:52,it doesnt launch
irine nandudu,installed it for the first time but it's been disappointing. I can't access the app.,2,2026-03-21 15:52:49,installed it for the first time but its been disappointing i cant access the app
Kawooya Abdurrahiman,failed to work,5,2026-03-21 13:53:14,failed to work
Arthur Erthur,It is maverous. lt is easy to use.1️⃣🥰🥰🥰🥰🥰,5,2026-03-20 17:32:17,it is maverous lt is easy to use
Mack Byom,very annoying,1,2026-03-19 21:19:42,very annoying
Akandwanaho Osbert,exceptional,5,2026-03-19 13:54:38,exceptional
Derrick Harvards,it's not working 😢,1,2026-03-18 11:38:12,its not working
Omulur Peter,I have a problem with this app,5,2026-03-16 21:11:57,i have a problem with this app
Afuzal Ssekyema,worst app ever I can't login yet I'm using there silly network.. mobile whatever fix that mtn,1,2026-03-16 19:58:41,worst app ever i cant login yet im using there silly network mobile whatever fix that mtn
Nantuuwa Phiona,easy to use,5,2026-03-16 19:38:08,easy to use
Akello Mercy,looks like it's not meant for Samsung users,1,2026-03-16 16:30:11,looks like its not meant for samsung users
Yekunu Tekel,keeps crashing!!!,1,2026-03-16 15:31:43,keeps crashing
Okurut Stephen luke,just simple to use quick and helpful,5,2026-03-16 09:42:58,just simple to use quick and helpful
Nampeela Christine,very nice if it workz,5,2026-03-15 17:46:20,very nice if it workz
Nuurah Nakaye,this app is 0%. I am an MTN user. I have installed it multiple times but it not working. whenever I open the app it tells me to switch off WiFi and I use mtn mobile data. but after doing so it closes itself. it really annoys me.,1,2026-03-15 15:13:17,this app is i am an mtn user i have installed it multiple times but it not working whenever i open the app it tells me to switch off wifi and i use mtn mobile data but after doing so it closes itself it really annoys me
Mwisha Dominique,it's so good,2,2026-03-14 23:07:59,its so good
Gilbert Amooti,Just perfect,5,2026-03-14 08:21:49,just perfect
Junis Wise,Always available anytime,5,2026-03-13 08:55:28,always available anytime
Ogenduzi Philofilo,great to use the apps,5,2026-03-12 10:08:26,great to use the apps
Alex Mukisa,l have a problem on my mtn app,5,2026-03-11 14:45:10,l have a problem on my mtn app
Cj simpo Charlz,"why is it refusing to open in my phone , I mean I can't access its services it only tells me that the mobile internet is off even when I'm using MTN data",1,2026-03-11 10:03:16,why is it refusing to open in my phone i mean i cant access its services it only tells me that the mobile internet is off even when im using mtn data
Ogen Moris,my mtn app is not opening why?,5,2026-03-11 07:24:55,my mtn app is not opening why
Masaja Cyrus,me love it that's why I have chosen mtn network the best,5,2026-03-10 21:44:45,me love it thats why i have chosen mtn network the best
essy muks,the app keeps on saying turn off wifi even if wifi is off and neva allows u access the it.its so annoying,1,2026-03-10 17:07:52,the app keeps on saying turn off wifi even if wifi is off and neva allows u access the itits so annoying
gwanala keneth,the app can't purchase. data it is ever off o. network,1,2026-03-06 17:20:05,the app cant purchase data it is ever off o network
Nsubuga Henry Wilberforce,This app doesn't even perform half the tasks they claim it can perform. I am unable to use it to manage my wakanet fiber account. I wish there was a way of giving a quarter star🙄🙄,1,2026-03-06 15:37:22,this app doesnt even perform half the tasks they claim it can perform i am unable to use it to manage my wakanet fiber account i wish there was a way of giving a quarter star
Tim Bin okware,not working good with my phone,1,2026-03-05 12:43:43,not working good with my phone
Alema Edrick,worst app. mtn you can do better,1,2026-03-04 18:56:54,worst app mtn you can do better
MUKASA DANIEL,"it has connections issues all the time u get ""failed to establish a secure connection please try again later""",2,2026-03-04 14:13:38,it has connections issues all the time u get failed to establish a secure connection please try again later
SSERUNKUMA Enock,this app is nolonger working,1,2026-03-03 20:19:53,this app is nolonger working
isaac mudoko,am using mtn but it's telling me invalid network so I can't access it 😔😥,1,2026-03-03 18:10:12,am using mtn but its telling me invalid network so i cant access it
Janet Arap,the app can't open even if am using data only,1,2026-02-28 22:18:47,the app cant open even if am using data only
dtads,app no longer works. it keeps thinking n am connected to WiFi and closes down immediately. even though I am not connected to WiFi. its best MTN scrap the app a start again.,1,2026-02-28 21:04:59,app no longer works it keeps thinking n am connected to wifi and closes down immediately even though i am not connected to wifi its best mtn scrap the app a start again
Phionah Kyomuhendo,the app is displaying mtn pulse why????,1,2026-02-28 12:54:41,the app is displaying mtn pulse why
Benjamin,this app is terrible this app is so terrible when you try to open it they say switch on your internet and when you switch on your internet they tell you you have a connection problem like literally what's wrong it is so so bad I'm very disappointing if you install it right now it won't work,1,2026-02-27 10:40:22,this app is terrible this app is so terrible when you try to open it they say switch on your internet and when you switch on your internet they tell you you have a connection problem like literally whats wrong it is so so bad im very disappointing if you install it right now it wont work
Christine Benedict Nassolo,the app is not responding why,4,2026-02-25 21:25:15,the app is not responding why
Najjengo Valerian,the app is not opening,1,2026-02-25 17:01:01,the app is not opening
Kirungi Joshua,"I bought my sms package, you guys took my money plus charges and just ate it. that's stealing",1,2026-02-25 05:37:28,i bought my sms package you guys took my money plus charges and just ate it thats stealing
Sendagi Henry,how do I check my balance on data,5,2026-02-24 12:20:35,how do i check my balance on data
Jemmie Tim,why can't I open the app even with mobile data on,1,2026-02-23 18:56:57,why cant i open the app even with mobile data on
Ariho Emmanuel,it is not opening........,1,2026-02-23 18:09:38,it is not opening
KIMULI BRENDA,"Please, fix the app. it's not working at all. I sacrificed my data to download the app but it says switch wifi and use MTN data and yet I'm using an MTN data. it has failed to open even. MTN , please fix it",1,2026-02-22 13:11:24,please fix the app its not working at all i sacrificed my data to download the app but it says switch wifi and use mtn data and yet im using an mtn data it has failed to open even mtn please fix it
Joan Namakula,the app doesn't open on my device . Samsung galaxy note 9,1,2026-02-22 11:43:40,the app doesnt open on my device samsung galaxy note
Joseph Maloba,convenient to use at any time,5,2026-02-22 07:00:41,convenient to use at any time
Mugabe Davis,"failure to open , operation ,but otherwise it was good",3,2026-02-21 19:40:45,failure to open operation but otherwise it was good
Shahid Abdul,not working on my phone,1,2026-02-21 14:38:04,not working on my phone
syed shah,mtn always is the best,5,2026-02-18 21:23:34,mtn always is the best
Murungi Isaac,"it's a good app, but I really wish it could be improved to so that it is possible for me to get help, or talk with an MTN service provider",4,2026-02-18 17:54:43,its a good app but i really wish it could be improved to so that it is possible for me to get help or talk with an mtn service provider
arachabon Thimothy,"it is the worst upgrade, how can the app refuse to open just because idont have data and also iwant to open it to buy data, mt please think of this and without stable connection u cant use it even though you have data.. this is not good at all",1,2026-02-18 15:15:50,it is the worst upgrade how can the app refuse to open just because idont have data and also iwant to open it to buy data mt please think of this and without stable connection u cant use it even though you have data this is not good at all
Okumu Ivan Odida,"Very unreliable app When run out of data, you can't even access it to buy more data",1,2026-02-17 19:30:58,very unreliable app when run out of data you cant even access it to buy more data
Sseguya Godfrey,my mtn app doesn't work it shows unable to establish secure connection plz try again later,1,2026-02-17 18:05:58,my mtn app doesnt work it shows unable to establish secure connection plz try again later
MICHAEL DAVIS MISANGO,Bad experience. not working,3,2026-02-17 15:55:40,bad experience not working
Drent Livinz,the apps doesn't work,1,2026-02-17 15:12:32,the apps doesnt work
Michael Palmer,"It keeps saying ""Unable to establish a secure connection, please try again later!!"" I can't use it. it won't let me!!",1,2026-02-17 08:17:57,it keeps saying unable to establish a secure connection please try again later i cant use it it wont let me
gipaan pats,"This excuse of an app doesn't recognise mobile data. Keeps telling you to switch off WiFi, yet WiFi is not even connected to your phone",1,2026-02-16 22:18:37,this excuse of an app doesnt recognise mobile data keeps telling you to switch off wifi yet wifi is not even connected to your phone
Musoke Hassan,poor poor performance!,1,2026-02-16 17:10:06,poor poor performance
Cartoon Gaming,"for installation fiber internet they have fast service but if you have some problems in your internet they will not respond , from 4 days I'm sending them msg email every day they want I want 24 hours ,so plz if any one planning for MTN fiber for business purposes be careful",1,2026-02-16 13:26:48,for installation fiber internet they have fast service but if you have some problems in your internet they will not respond from days im sending them msg email every day they want i want hours so plz if any one planning for mtn fiber for business purposes be careful
Liberty Emmanuel,it's not responding,1,2026-02-15 10:20:08,its not responding
Luwaga Jovan,worst update ever uninstalling,1,2026-02-15 09:37:13,worst update ever uninstalling
Rackara Emmanuel,This is actually the most annoying version of all time. The previous version was working so well but this new update haaa don't even waste your data downloading it.,1,2026-02-14 13:26:01,this is actually the most annoying version of all time the previous version was working so well but this new update haaa dont even waste your data downloading it
odoi jethro,"Mobile Data payments do not reflect at times, you check the app and it says you have the data you bought via the app, but when you dial *131# the data purchased is not there or even working when you try to use internet, and customer support seems not to be effective, I have talked to the chat bot and a customer support individual and no results that give me the data I paid for till now, very disappointing.",1,2026-02-14 10:02:22,mobile data payments do not reflect at times you check the app and it says you have the data you bought via the app but when you dial the data purchased is not there or even working when you try to use internet and customer support seems not to be effective i have talked to the chat bot and a customer support individual and no results that give me the data i paid for till now very disappointing
Onencan Emmanuel,Great apps and has eased my access to mtn products,5,2026-02-13 22:27:35,great apps and has eased my access to mtn products
Benny Lamar,"To be honest, I am an MTN die-hard user. It shouldn't go without saying that the idea of the app is a game changer however, becoming slightly worse with every update is not the way to go. Just today alone, I have deleted and uninstalled it almost 6 times because it ""Has failed to connect to the server"" please work on this issue. Display could use some real help too",1,2026-02-13 20:09:22,to be honest i am an mtn diehard user it shouldnt go without saying that the idea of the app is a game changer however becoming slightly worse with every update is not the way to go just today alone i have deleted and uninstalled it almost times because it has failed to connect to the server please work on this issue display could use some real help too
Kinene Rahma,what happened to this app it's not working,1,2026-02-13 10:53:34,what happened to this app its not working
Chemonges Enoch,why does it say turn off wifi when I am clearly using MTN data and now I can't use the app,1,2026-02-13 08:58:21,why does it say turn off wifi when i am clearly using mtn data and now i cant use the app
Lawrence Trevor,very poor interface n slow,2,2026-02-11 14:54:09,very poor interface n slow
Marvin Cullen,"I would really want to use this app again, but it has failed whenever I install and open, it brings an invalid mobile network despite me having mtn data running. so what can I do to fix that.",1,2026-02-11 14:44:25,i would really want to use this app again but it has failed whenever i install and open it brings an invalid mobile network despite me having mtn data running so what can i do to fix that
Isma Dk,why mtn up was not open,5,2026-02-11 13:53:32,why mtn up was not open
Jackson Byamungu,hello. this app doesn't work well in my smart phone. I would like to know why,1,2026-02-10 17:06:26,hello this app doesnt work well in my smart phone i would like to know why
Da dude,For a while this app was so smooth even without loading data you could access it but all of a sudden it's now zero-rated. You can't open it now without having data even with loading data it still refuses to open 😑. Please work on this one otherwise 🚮,1,2026-02-10 11:24:09,for a while this app was so smooth even without loading data you could access it but all of a sudden its now zerorated you cant open it now without having data even with loading data it still refuses to open please work on this one otherwise
Bbaale Chrish,this app is good and give free Data after download but it takes long to load,1,2026-02-08 19:35:45,this app is good and give free data after download but it takes long to load
Masereka Ednus,very friendly to use,5,2026-02-07 19:33:37,very friendly to use
Tara Anisha,Igive it five hundred,1,2026-02-07 16:34:59,igive it five hundred
Dusenge Aime parfait,this application is very good too have it,5,2026-02-07 12:48:52,this application is very good too have it
Kasiimire Martin,it doesn't work 😭😭😭,5,2026-02-06 08:55:51,it doesnt work
Moreen Abedirwoth,free 500 data MBs for New user,5,2026-02-05 14:14:30,free data mbs for new user
Jordan Amanya,can't you restore the previous version before the mtn pulse was added into it now it buffers every chance it gets I can't even buy a bundle,1,2026-02-05 12:58:47,cant you restore the previous version before the mtn pulse was added into it now it buffers every chance it gets i cant even buy a bundle
Ndibazza Genesis,Good so far but Im confused on how to see my current data plz help REFUSE THIS MTN PULSE FROM SHOWING ON IT PLZZ😭😭,3,2026-02-04 23:58:40,good so far but im confused on how to see my current data plz help refuse this mtn pulse from showing on it plzz
Mbambu Alice,am glad to be part of this app,5,2026-02-02 18:49:39,am glad to be part of this app
Iyadi Mujuni,truly mtn is the best,5,2026-02-02 07:44:42,truly mtn is the best
Hafashimana Jean Felix,your app doesn't do it's fake too,2,2026-01-31 23:20:53,your app doesnt do its fake too
Nabimanya Derrick,why am I not getting my MTN uganda?,1,2026-01-30 19:17:33,why am i not getting my mtn uganda
Sharon Nasande,the app is telling me to turn off Wiffi,1,2026-01-29 12:23:36,the app is telling me to turn off wiffi
Adong Susan,good app and always,5,2026-01-28 19:39:47,good app and always
Raymond Aturinda,it has failed to open,1,2026-01-28 17:33:52,it has failed to open
Nickson Arineitwe,Not effective at all,1,2026-01-28 10:50:00,not effective at all
Joshua Mukuru,Cool with cheap data,3,2026-01-28 09:14:30,cool with cheap data
0nena Psalms,I wasted my data and downloaded it many times and it keeps saying turn off WiFi and use only mobile data yet am using only data MTN pliz fox diz prob so dat it works on ma oppo phone,1,2026-01-28 06:49:09,i wasted my data and downloaded it many times and it keeps saying turn off wifi and use only mobile data yet am using only data mtn pliz fox diz prob so dat it works on ma oppo phone
Luxsonic Robert Olangu Luxsonic Robert,I like the way this app works thank you for your service too,5,2026-01-27 00:47:47,i like the way this app works thank you for your service too
Ssendawula Paul,the app tells me to turn off Wi-Fi and use MTN internet every time I open it. it doesn't work on my Samsung. Developers work on my issue.,1,2026-01-26 09:41:32,the app tells me to turn off wifi and use mtn internet every time i open it it doesnt work on my samsung developers work on my issue
Ndawula Pascal,it's better than MTN agents 😄 and it's fast secure and just 😎🆒,5,2026-01-26 08:09:34,its better than mtn agents and its fast secure and just
Niko Niko pulo,nice to u g 🙋‍♀️,5,2026-01-24 18:03:05,nice to u g
Hhh,Not yet working as expected.,1,2026-01-24 15:13:04,not yet working as expected
Eddy Murphy,This app doesn't have a mobile money access only airtime,2,2026-01-24 12:46:54,this app doesnt have a mobile money access only airtime
Naomi enid Kasemire,only problems,5,2026-01-23 20:28:42,only problems
Mwongere Yokasi,so good but reach time and get expired were they could not give u offers,5,2026-01-23 11:50:12,so good but reach time and get expired were they could not give u offers
Omiat Desmond,somehow cool,3,2026-01-22 17:09:53,somehow cool
Akia Margret,I have liked it so much,5,2026-01-22 12:20:24,i have liked it so much
Isaac Kasinguzi,it hasn't helped me,1,2026-01-22 10:24:11,it hasnt helped me
Adongo Dorcus,I downloaded my mtnapp but it's not working,1,2026-01-22 10:10:41,i downloaded my mtnapp but its not working
Elly Tumuhimbise,App is good,5,2026-01-22 08:11:09,app is good
Ann Marie Nabitosi,doesn't work anymore,1,2026-01-22 00:04:37,doesnt work anymore
mayeku luke,it used to work but now it's fake,1,2026-01-21 09:59:52,it used to work but now its fake
mophat atibo akuaku,of recent I have experienced data drained without surfing. the second experience just happened today am extremely disappointed with your service,1,2026-01-20 19:20:18,of recent i have experienced data drained without surfing the second experience just happened today am extremely disappointed with your service
Simon Adingli Lomonyang,it has been very helpful and rescuing..,5,2026-01-20 16:23:39,it has been very helpful and rescuing
SHAKIRA HUSSEIN,MTN is a scam i sent airtime using MTN i sent it on my Airtel it's been 2 days now and airtime has never been received yet they redacted it from my account you buy data without doing anything with it it's finished now they take money for free and their customer service is never available,1,2026-01-19 12:26:12,mtn is a scam i sent airtime using mtn i sent it on my airtel its been days now and airtime has never been received yet they redacted it from my account you buy data without doing anything with it its finished now they take money for free and their customer service is never available
Okiring Millan Edward,"Poor UX, very slow and sluggish. Additionally the App can't work on WiFi.",1,2026-01-18 18:49:33,poor ux very slow and sluggish additionally the app cant work on wifi
Babra Anyait,"This is where Airtel Uganda wins, we can access their app on data and Wifi too. i have resorted to using mtn for only incoming calls",1,2026-01-18 18:05:13,this is where airtel uganda wins we can access their app on data and wifi too i have resorted to using mtn for only incoming calls
Ahumuza catherinegrace,"""unable to secure a stable connection, please try again later"" that's all it says. I try to buy data to use it, and it still says that. I am really tired of this app. it was nice at first but changes were made and it never came back the same. I hate it now.",1,2026-01-17 23:30:29,unable to secure a stable connection please try again later thats all it says i try to buy data to use it and it still says that i am really tired of this app it was nice at first but changes were made and it never came back the same i hate it now
Emmanuel,I have no wifi connection yet it insists I need to turn it off.... what's with that...I'm tired of this...I quit,1,2026-01-13 06:42:14,i have no wifi connection yet it insists i need to turn it off whats with thatim tired of thisi quit
Muwawu Moses,"VERY INCONVENIENT!! 1. Without MTN data, you can't use it. 2. I can't send money using it.",1,2026-01-12 19:58:02,very inconvenient without mtn data you cant use it i cant send money using it
Shafic Kateregga,when you tap in it.... it takes you to MTN pulse instead....,1,2026-01-12 11:52:26,when you tap in it it takes you to mtn pulse instead
Mumbere Franklic,This app is very nice especially for data and other offers,5,2026-01-11 20:39:13,this app is very nice especially for data and other offers
LEONARD Tukashaba,its brings turn off wifi and use data. probably not fair,1,2026-01-11 00:33:37,its brings turn off wifi and use data probably not fair
Blaqk Nicq,This app is too good I swear,5,2026-01-10 16:48:42,this app is too good i swear
Poppins Icon,unstable connections,1,2026-01-10 06:14:05,unstable connections
tusiime micheal,Installed the app but it doesn't open.. I'm on MTN internet but it just doesn't open. this app should just be removed from the store.... These guys are just unserious. 2026.same problem. can't login,1,2026-01-10 00:50:35,installed the app but it doesnt open im on mtn internet but it just doesnt open this app should just be removed from the store these guys are just unserious same problem cant login
James,The app does not work. It should be removed from the Google App store.,1,2026-01-09 19:16:11,the app does not work it should be removed from the google app store
Hon Andre,this App doesn't work on my phone,1,2026-01-09 18:15:37,this app doesnt work on my phone
Wamono Akram,mine is not working,5,2026-01-08 01:11:58,mine is not working
Pius,This is mtn pulse not MTN app it's all confused up,1,2026-01-07 20:01:09,this is mtn pulse not mtn app its all confused up
VOIKU ALORA,The app has never open for me since I installed it,1,2026-01-07 10:39:17,the app has never open for me since i installed it
Harrison Wanyoto,No matter how many times I tried it wouldn't let me register an account even when I spent money to get data to do so and I wish I would put 0 stars,1,2026-01-07 10:20:27,no matter how many times i tried it wouldnt let me register an account even when i spent money to get data to do so and i wish i would put stars
A Google user,Sending money to differet accounts and it keeps your money safe,5,2026-01-06 20:58:07,sending money to differet accounts and it keeps your money safe
mbabazi Travor,the app was better but ur updates a destroying it though I hv data it can't open make it data charge free lyk B4 or live it coz though I hv data it can't open,1,2026-01-05 07:56:01,the app was better but ur updates a destroying it though i hv data it cant open make it data charge free lyk b or live it coz though i hv data it cant open
Atugonza Jane,good app and ⏩,5,2026-01-04 12:57:46,good app and
Hind AlHawari,Why aren't we autherized to use this app?,5,2026-01-04 08:12:50,why arent we autherized to use this app
Anzoa Kelly,it's saying that I should switch off my Wi-Fi yet it is not on,5,2026-01-03 16:11:11,its saying that i should switch off my wifi yet it is not on
Natukunda Cleophas claire,there is a problemwith the app it's opens as a MTN pulse,1,2026-01-03 11:00:53,there is a problemwith the app its opens as a mtn pulse
Humble_ËL_Proffesor,"My app is always updated but it says ""Unable to connect server🥺",1,2026-01-03 09:59:40,my app is always updated but it says unable to connect server
Suzie Q.,Great app many functions and perks more details on app about your number,4,2026-01-02 20:03:57,great app many functions and perks more details on app about your number
Brian Muwanguzi,when i open the app it shows mtn pulse instead of the my mtn screen😢,1,2025-12-31 14:06:14,when i open the app it shows mtn pulse instead of the my mtn screen
Abbey bagon,Extra ordinary,5,2025-12-31 13:26:40,extra ordinary
Favour Akullu,the apps is not responding and it's saying unable to establish secure connection. that I should try it later. what could be done,2,2025-12-30 19:38:28,the apps is not responding and its saying unable to establish secure connection that i should try it later what could be done
AGUMA ERIC DANIEL,not opening,1,2025-12-30 17:54:48,not opening
Nassozi Gladea,whenever I try connecting the app it says switch off wifi or connect with MTN data yet data is available.......maybe it it doesn't suit my Nokia phone... MTN...please kindly address this issue,1,2025-12-30 13:02:28,whenever i try connecting the app it says switch off wifi or connect with mtn data yet data is availablemaybe it it doesnt suit my nokia phone mtnplease kindly address this issue
Kiriisa Innocent,cant open on my phone,1,2025-12-30 12:24:34,cant open on my phone
Namitala Viola,doesn't work on sumsang,1,2025-12-29 21:30:20,doesnt work on sumsang
Isaac Azan,no star app does not even open🤕,1,2025-12-29 19:30:28,no star app does not even open
Aine Miriam Nancy,it can't open,2,2025-12-29 18:40:34,it cant open
Nambuya Gorret,not allowing me to open the app with mobile data,3,2025-12-29 15:21:22,not allowing me to open the app with mobile data
Twiikirize Apophia,"eeeh mtn let's be serious for once u can't open this app without data, I bought my data and app doesn't recognize it and doesn't open",1,2025-12-29 12:06:16,eeeh mtn lets be serious for once u cant open this app without data i bought my data and app doesnt recognize it and doesnt open
IAN TENDO,"It keeps telling me to switch from Wifi yet I'm using MTN, what a huge failure in the App by",1,2025-12-29 09:04:14,it keeps telling me to switch from wifi yet im using mtn what a huge failure in the app by
Nayebare Innocent,this app continues to bring invalid mobile network even when am using MTN data bundle. what would be the issue.,1,2025-12-29 08:06:24,this app continues to bring invalid mobile network even when am using mtn data bundle what would be the issue
Brianah Kibirige,this app is slow,3,2025-12-28 20:54:48,this app is slow
JOTHAM TECHNOLOGY,No need ov mastering codes 2 purchase bundles,5,2025-12-28 20:04:25,no need ov mastering codes purchase bundles
LIVINGSTONE MUHANIKA,MTN is the best mobile Service Company World wide,5,2025-12-28 11:18:46,mtn is the best mobile service company world wide
ondua brizzy,"very good network service, and it's to do any transactions at a very good rate, and u get connected even if u are abroad. u remain connected with ur family members. Even if u are not in uganda, and u can also do school fees payment using the application and are very efficient, u can even get school fees loans from the application ,u can even have over draft if u hv less amount of money in ur account and be paid back u get float so due to all said above the application is the number one app in ug",5,2025-12-28 11:16:49,very good network service and its to do any transactions at a very good rate and u get connected even if u are abroad u remain connected with ur family members even if u are not in uganda and u can also do school fees payment using the application and are very efficient u can even get school fees loans from the application u can even have over draft if u hv less amount of money in ur account and be paid back u get float so due to all said above the application is the number one app in ug
Olupot Fenekas,very easy to use and interesting.,5,2025-12-28 10:52:06,very easy to use and interesting
Wayne Ntale,Worst MTN app ever used. It's trash,1,2025-12-28 10:10:19,worst mtn app ever used its trash
Garang Deng Liel,MTN is very useful to me so I would like to thank and encourage MTN management to expanded their operation to rural areas,5,2025-12-28 09:19:02,mtn is very useful to me so i would like to thank and encourage mtn management to expanded their operation to rural areas
Stella Brighton,"but why tell me to turn off wifi and use cellular data when actually its the one am using,am very much confused and pissed off",1,2025-12-28 08:04:06,but why tell me to turn off wifi and use cellular data when actually its the one am usingam very much confused and pissed off
Asiimwe Mugisa,ive been using MTN since it started and am still using it and my friends and family,5,2025-12-27 17:40:09,ive been using mtn since it started and am still using it and my friends and family
Muwonge Joel,"very useless app, i use mtn data but is ever telling me to turn off the wifi 😠",1,2025-12-27 10:53:16,very useless app i use mtn data but is ever telling me to turn off the wifi
Daniel Pounds,"this app is wow, it has amazing buttons, colors, and the ui. Thanks, MTN",5,2025-12-27 10:31:17,this app is wow it has amazing buttons colors and the ui thanks mtn
Okiria Michael,"l love the app very much, it's easy to use and it gives me what l ask it to",5,2025-12-27 08:01:51,l love the app very much its easy to use and it gives me what l ask it to
Victor Isiko,the app is fair,2,2025-12-26 21:24:15,the app is fair
Brenda Kusiima abooki,refusing to open,1,2025-12-26 19:27:45,refusing to open
Rayan Giggs,can't be used on my Samsung A12,2,2025-12-26 13:19:53,cant be used on my samsung a
Tumuhimbise Joseline,fast and cheap to use,5,2025-12-26 12:37:12,fast and cheap to use
Namyalo Beat,you lied that I can get a free Christmas bundle which u didn't give me,2,2025-12-25 12:42:27,you lied that i can get a free christmas bundle which u didnt give me
Ogweta James,the app failed to work. It reads close your WiFi settings and use myn data so I still need more light on its usage,2,2025-12-25 11:58:24,the app failed to work it reads close your wifi settings and use myn data so i still need more light on its usage
Kanyesigye Amon,you're app is not specialized it collides with mtn pulse when I open it then sort☹️☹️☹️,1,2025-12-25 10:01:50,youre app is not specialized it collides with mtn pulse when i open it then sort
KASUMBA David,I have not yet received my mbs,2,2025-12-24 16:22:38,i have not yet received my mbs
Tayebwa Alishia,it's so fake 🤥,1,2025-12-22 18:12:07,its so fake
anthony odeke,very useless app because it also requires data for you to use it,2,2025-12-22 05:05:28,very useless app because it also requires data for you to use it
Kisembo Julius,it fails to open most times,1,2025-12-21 22:54:27,it fails to open most times
Abonyo Racheal,"Despite google says there is the possibility to pay fees and government taxes, the reality is NO, there isn't. Besides, they don't allow to use wi-fi, only MTN data. App of garbage.",1,2025-12-21 16:28:23,despite google says there is the possibility to pay fees and government taxes the reality is no there isnt besides they dont allow to use wifi only mtn data app of garbage
SSENDAWULA KENNETH,it's good and faster,5,2025-12-21 14:13:51,its good and faster
Godi John,"This app can't work in my Nokia 2.4 android phone even after downloading and installing it several times. it always shows to switch off Wi-Fi and turn on Mtn data. I don't know whether this situation can be fixed by the app developer. l rather have zero rating of the app at the moment, very useless",1,2025-12-19 20:27:45,this app cant work in my nokia android phone even after downloading and installing it several times it always shows to switch off wifi and turn on mtn data i dont know whether this situation can be fixed by the app developer l rather have zero rating of the app at the moment very useless
janefrancis mirembe,I didn't download mtnpulse why is it not showing my mtn app features,2,2025-12-18 13:44:28,i didnt download mtnpulse why is it not showing my mtn app features
Ferdinand Smith,"this is my best app for sending money, buying data, and airtime",5,2025-12-18 08:11:21,this is my best app for sending money buying data and airtime
Paul Musoke,"for sone reason, it just fails to open sometimes...even when data is on",1,2025-12-18 05:35:31,for sone reason it just fails to open sometimeseven when data is on
rusengye brian,it's very useful and good to use,5,2025-12-17 20:05:25,its very useful and good to use
Wyclife Nkamwesiga,"why is it that everytime I open it, I end up in mtn pulse",1,2025-12-17 12:52:30,why is it that everytime i open it i end up in mtn pulse
Kabugho Harriet,I can't give it any star because it doesn't work on my phone. samsung. it says turn off WiFi even when am not using it,1,2025-12-17 05:34:03,i cant give it any star because it doesnt work on my phone samsung it says turn off wifi even when am not using it
Nyaika Joshua,"this app is not opening, it's asking me to turn off my wifi and use mtn data yet I don't have any WiFi connection",1,2025-12-16 21:27:17,this app is not opening its asking me to turn off my wifi and use mtn data yet i dont have any wifi connection
Drake John,Don't know but it's refusing to work on my device please I need your help I prefer using it. It says that switch off wifi connection and use network yet there is no wifi,1,2025-12-16 18:54:23,dont know but its refusing to work on my device please i need your help i prefer using it it says that switch off wifi connection and use network yet there is no wifi
Mariam Mukiibi,the app doesn't open at all it keeps saying remove network from WiFi yet I'm using mtn data,1,2025-12-16 16:32:20,the app doesnt open at all it keeps saying remove network from wifi yet im using mtn data
Mallane Marjorine,can I get any free data or bundles,5,2025-12-16 11:59:00,can i get any free data or bundles
Jesse scott,why has it refused to work on my phone,1,2025-12-16 08:20:10,why has it refused to work on my phone
Tonny Alex Omara,it's failing to work,3,2025-12-15 19:58:30,its failing to work
Chleria,The MTN guys should change the settings or whatever coz not everyone can actually or uses mobile data like me am ever used to wifi so now please change that stuff,1,2025-12-15 19:50:11,the mtn guys should change the settings or whatever coz not everyone can actually or uses mobile data like me am ever used to wifi so now please change that stuff
Semwogerere Sula,So far so good,5,2025-12-15 18:35:14,so far so good
umudozi AM,not working at all,1,2025-12-15 15:56:31,not working at all
Drajoru Mary,i love my mtn app,5,2025-12-15 11:47:11,i love my mtn app
Betty Nakabuye,the app is gud,5,2025-12-14 23:14:36,the app is gud
Ibrahim Mwanje,I got my 500 mb thanks mtn,4,2025-12-14 18:47:44,i got my mb thanks mtn
James Ebuu,I found this app so good I more than 200 friends,5,2025-12-14 17:12:20,i found this app so good i more than friends
M. Kennedy,why is it that it keeps on telling me that I have to turn off wifi yet it is off whenever I try opening it?,1,2025-12-14 10:39:17,why is it that it keeps on telling me that i have to turn off wifi yet it is off whenever i try opening it
Mohamed Hamza,the Sudanese server not working probably,1,2025-12-14 05:14:08,the sudanese server not working probably
Kevin,It is fake..the app can't literally open.. I would rate 0/10,1,2025-12-13 22:01:30,it is fakethe app cant literally open i would rate
Iremera Fredrick,not activating,5,2025-12-13 20:19:29,not activating
MUTHENDE OWEN,it shows content for MTN pulse....I don't know why.,2,2025-12-13 20:15:37,it shows content for mtn pulsei dont know why
Acen Sarah,after downloading the app wasn't given free. mbs liars,1,2025-12-13 15:55:58,after downloading the app wasnt given free mbs liars
James Amugoli,it doesn't work actually I have tried several times but it can't,1,2025-12-13 14:16:28,it doesnt work actually i have tried several times but it cant
jasim Trevor,nice network,5,2025-12-12 12:28:38,nice network
Nantume Sophie,it doesn't allow me to install and I put my data it says you have no data 0 star,1,2025-12-11 22:32:48,it doesnt allow me to install and i put my data it says you have no data star
Akim Francis,I downloaded MyMTN App then opening it it brings MTN pulse. If i wanted MTN pulse would i waste time to download MyMTN app?,1,2025-12-11 21:22:16,i downloaded mymtn app then opening it it brings mtn pulse if i wanted mtn pulse would i waste time to download mymtn app
TUMUHAISE BENON,the app fails to open saying turn off WiFi and use mobile data yet its what am using,5,2025-12-11 19:45:22,the app fails to open saying turn off wifi and use mobile data yet its what am using
Ivan Happy,"The app has refused to set up, I am using oppo a3s. It only tells you that turn off your WiFi and use mobile internet, yet it's the one I am using already. please fix that.",1,2025-12-11 17:50:04,the app has refused to set up i am using oppo as it only tells you that turn off your wifi and use mobile internet yet its the one i am using already please fix that
Muhammad Mustafa,"Please, I bought data worth 1040 via prestige and it's no where to be seen. that's a great scam",1,2025-12-11 16:50:33,please i bought data worth via prestige and its no where to be seen thats a great scam
Kabiito Ismail,fast payments,5,2025-12-11 13:15:49,fast payments
ROYAL ENTERPRISES INTERNATIONAL LIMITED,awesome user interface,4,2025-12-11 12:10:54,awesome user interface
Chrispas Noel,absolute trash don't fall for it guys,1,2025-12-10 21:39:27,absolute trash dont fall for it guys
Nantambi Aida,refused to open,1,2025-12-09 16:05:54,refused to open
Agnes Namuwenge,Good to use but some small issues to b worked upon,2,2025-12-09 11:38:56,good to use but some small issues to b worked upon
Ahebwa Collins,"MTN app went to Dark theme and got spoilt.. It can't show all Balances like data, Airtime, points and others. it went to intention of only buying Bundles...",2,2025-12-09 11:32:02,mtn app went to dark theme and got spoilt it cant show all balances like data airtime points and others it went to intention of only buying bundles
Amalo James,it is not even responding you have to first set it for me now now,5,2025-12-09 00:59:58,it is not even responding you have to first set it for me now now
Kantono Zahara,this app is very good,1,2025-12-08 23:10:38,this app is very good
Prince Daglous,"This application is turned into MTN pulse and it's not purchasing anything like a Data bundle or something else, therefore please make it clear!",1,2025-12-08 21:42:39,this application is turned into mtn pulse and its not purchasing anything like a data bundle or something else therefore please make it clear
Chelsea Odongo,"every time I try to open it , it says "" unable to connect to server"" even when I have data , like what's wrong with it !!!",1,2025-12-08 13:00:58,every time i try to open it it says unable to connect to server even when i have data like whats wrong with it
Agaba Christopher,"am using mtn data but your telling me turn off wifi, what wrong with the app",1,2025-12-08 11:06:37,am using mtn data but your telling me turn off wifi what wrong with the app
Mercy Kisakyamukama,I want rest my pin becoz I forgot my pin please I don't remember my pin,1,2025-12-08 04:56:02,i want rest my pin becoz i forgot my pin please i dont remember my pin
Josh Masha,it keeps showing connection is not good yet I have a lot of data and network,1,2025-12-07 17:30:31,it keeps showing connection is not good yet i have a lot of data and network
Olive Kasujja,"when your data is over and you try to get more data from the app, it suddenly has connection issues. so then you have to get data via USSDcode to use the app which is stupid honestly",1,2025-12-07 16:51:45,when your data is over and you try to get more data from the app it suddenly has connection issues so then you have to get data via ussdcode to use the app which is stupid honestly
BADDA ALEX,terrible bad it keeps on saying use mtn data and doesn't open,1,2025-12-07 15:00:29,terrible bad it keeps on saying use mtn data and doesnt open
Gaston Byamukama,it's great app thanks,5,2025-12-07 10:11:19,its great app thanks
Ashabahebwa Primah,why are you telling me that I am unable to connect to the server yet I even have my data?,1,2025-12-06 23:08:58,why are you telling me that i am unable to connect to the server yet i even have my data
Musoke Nuhu,"y can't I use this app whenever I open it it says turn off your WiFi and use mtn mobile data yet I don't even have WiFi, I use mtn mobile data",1,2025-12-06 20:43:14,y cant i use this app whenever i open it it says turn off your wifi and use mtn mobile data yet i dont even have wifi i use mtn mobile data
Kirangwa Robert,mymtn app doesn't open on my phone yet I would like to use it.I have tried several times.,5,2025-12-06 20:28:24,mymtn app doesnt open on my phone yet i would like to use iti have tried several times
Rubangakene Jerome,"So I dont know what we Samsung users have done to MTN but this app is fake ,it keeps saying unable to connect try again later like whats up",1,2025-12-06 17:47:08,so i dont know what we samsung users have done to mtn but this app is fake it keeps saying unable to connect try again later like whats up
Ndawula Kizza,Good all time,5,2025-12-06 10:00:13,good all time
SSENDIJJA PETER,Some good but improve on the offers on the app there's no difference with the SSD code,4,2025-12-06 07:37:28,some good but improve on the offers on the app theres no difference with the ssd code
Musema Robert,"I only gave that star because I don't want to be called selfish. This app just wasted my data downloading it for nothing and instead of occupying space on my phone, I just erased it🥴",1,2025-12-05 20:55:29,i only gave that star because i dont want to be called selfish this app just wasted my data downloading it for nothing and instead of occupying space on my phone i just erased it
Charlie Grace,this app is very good MTN is such a very nice network,5,2025-12-05 19:18:52,this app is very good mtn is such a very nice network
Kalio Hakeem,my number one,5,2025-12-05 18:53:46,my number one
Maiso Jonathan,"this app is worse ,it deserves zero star",1,2025-12-05 17:34:15,this app is worse it deserves zero star
Drileba God,it fantastic interms of bonus,5,2025-12-05 14:51:18,it fantastic interms of bonus
OSCAR TAREMWA,"Tried logging into the app for two months now from my Redmi 12, unfortunately all it says is ""Invalid Mobile Network. Yello. Please turn off your WiFi connection and use MTN mobile internet to access your account"" Yet I'm clearly using mobile data and using the MTN line",1,2025-12-05 01:49:02,tried logging into the app for two months now from my redmi unfortunately all it says is invalid mobile network yello please turn off your wifi connection and use mtn mobile internet to access your account yet im clearly using mobile data and using the mtn line
Japhet Graham,I can't activate mymbs option,1,2025-12-04 17:06:18,i cant activate mymbs option
birungi kasfah,It has failed to work on my Samsung phone always telling me to switch off wifi but still can't open,1,2025-12-04 14:27:49,it has failed to work on my samsung phone always telling me to switch off wifi but still cant open
Faman FouStar Fabulous,please your MTN prestige bundle is taking my money and I don't get Data in return. that is when I buy directly from Momo,2,2025-12-03 21:41:46,please your mtn prestige bundle is taking my money and i dont get data in return that is when i buy directly from momo
kiiza Winnie,why does it keep telling me to turn off wifi and use data yet I'm using data,1,2025-12-03 19:02:11,why does it keep telling me to turn off wifi and use data yet im using data
Phyllis Mpumwire,How does this App work? keeps saying I turn off WiFi when there's no WiFi connection,1,2025-12-03 18:53:09,how does this app work keeps saying i turn off wifi when theres no wifi connection
Adrian Tegule,Lowest quality app ever. And from an African tech giant what a shame,1,2025-12-03 08:44:07,lowest quality app ever and from an african tech giant what a shame
MR BEAST,This app has stop working,1,2025-12-02 13:32:11,this app has stop working
Brian Bumba,"The app has failed to work on my phone. it says unauthorized to use this app"" can't understand why. I have installed and un-installed it a number of times but all the same.",1,2025-12-01 18:41:54,the app has failed to work on my phone it says unauthorized to use this app cant understand why i have installed and uninstalled it a number of times but all the same
Tamale Joseph,the app doesn't work on my redmi15c it says turn off WiFi and use MTN yet it's MTN data on. rectify that pilz,1,2025-11-30 12:02:41,the app doesnt work on my redmic it says turn off wifi and use mtn yet its mtn data on rectify that pilz
shakur,I am trying to open the app but it keeps telling me to use mobile network and to remove wifi,1,2025-11-30 11:46:33,i am trying to open the app but it keeps telling me to use mobile network and to remove wifi
Devine Kalar,I can't even open the app. it keeps telling me turn off your wifi and use mtn network yet it's the one am using,1,2025-11-30 07:37:57,i cant even open the app it keeps telling me turn off your wifi and use mtn network yet its the one am using
agatha abeja,The most useless app.. doesn't work at all,1,2025-11-30 02:30:35,the most useless app doesnt work at all
Cossy namz,it refused to work😭😭😭,1,2025-11-29 16:56:28,it refused to work
Isaac Obia,"There's more perks to using the app than not having it, so in some way, that outweighs the inefficiencies in its functioning. I would have easily given it a five star review. Maybe someday",3,2025-11-28 22:04:36,theres more perks to using the app than not having it so in some way that outweighs the inefficiencies in its functioning i would have easily given it a five star review maybe someday
Ian Ivan,I prefer this😍🤩🤗 Thanks MTN,5,2025-11-27 12:04:06,i prefer this thanks mtn
Mukasa Emma,let me give it 4 per now,4,2025-11-27 11:40:02,let me give it per now
Mwesigwa Jeremiah,"08/06/2025. I actually thought this app would help, but after downloading it using MTN data and trying to open it, it says, ""Turn off WiFi and use MTN Internet"" yet I was clearly using MTN Internet. I have read other reviews, and apparently, the app doesn't work on Samsung devices. MTN, please solve this issue. zero stars if possible. Edit 26/11/2025, they fixed the issue, it now works on Samsung and even offline",5,2025-11-26 15:34:05,i actually thought this app would help but after downloading it using mtn data and trying to open it it says turn off wifi and use mtn internet yet i was clearly using mtn internet i have read other reviews and apparently the app doesnt work on samsung devices mtn please solve this issue zero stars if possible edit they fixed the issue it now works on samsung and even offline
Shadrack Cartel,It's the best app ever if we could get this on all internet apps I love it ❤️,5,2025-11-25 23:23:33,its the best app ever if we could get this on all internet apps i love it
Jotham,This app z Amazing,2,2025-11-25 20:04:38,this app z amazing
Musa Moses,Worse for me,5,2025-11-25 19:25:33,worse for me
Ssentamu Oliine,free data for people to use,5,2025-11-25 18:23:40,free data for people to use
Hassan Maulana,thanks good and wonderful,5,2025-11-25 18:00:44,thanks good and wonderful
Munguci Albert,My mtn is not working,5,2025-11-25 17:34:46,my mtn is not working
Masereka Hezekiah,reliable service,5,2025-11-25 17:29:56,reliable service
Oriku Patrick,good for use,5,2025-11-25 15:23:10,good for use
Matthew Weps,fast and secure,4,2025-11-25 13:36:59,fast and secure
Alum judith,I have completely failed to login. the app keeps telling me to use mtn internet to access my account yet it's what I have been using.,1,2025-11-24 16:21:38,i have completely failed to login the app keeps telling me to use mtn internet to access my account yet its what i have been using
Sylvester Kisembo,restricted to data why,1,2025-11-24 09:58:16,restricted to data why
Blair Pius,it's really nice. but I don't know why it shows as pulse😏,5,2025-11-23 14:16:20,its really nice but i dont know why it shows as pulse
Nambooze Jamila,Why can't I use this app while I'm on wifi,1,2025-11-23 00:04:04,why cant i use this app while im on wifi
Jayden Jaiho,love the data but increase,5,2025-11-22 21:52:09,love the data but increase
Avinash,I thought this app was free .my dear it needs Data to be used . nze neno app twaukanye nga mabina,1,2025-11-22 19:16:05,i thought this app was free my dear it needs data to be used nze neno app twaukanye nga mabina
Book Me,The app is fake keeps saying turn off wifi even when WiFi is disabled. Don't waste time,1,2025-11-22 17:09:23,the app is fake keeps saying turn off wifi even when wifi is disabled dont waste time
Ogwang Brian,good 👍 looks ggggggggggggggluck for good job done,5,2025-11-22 14:32:36,good looks ggggggggggggggluck for good job done
Grace Leah,this app gives a hard time,1,2025-11-22 12:00:24,this app gives a hard time
BOIC TONIC,not giving more data bundles,5,2025-11-21 07:09:12,not giving more data bundles
Mwesigwa Mark,"it's exciting with the best offers, my MTN thank you",5,2025-11-20 19:58:20,its exciting with the best offers my mtn thank you
Asiku Geofrey Jeff,"Unable to connect to server 😞, all the time",1,2025-11-20 19:20:49,unable to connect to server all the time
Ebyongu Albert,This app is not opening or accessing me in,1,2025-11-20 18:58:38,this app is not opening or accessing me in
Bogs Paul,it doesn't work. I'm just wasting my time and data.,1,2025-11-20 18:30:17,it doesnt work im just wasting my time and data
Javan Zibiah,very fake app something it really disappoint,1,2025-11-20 17:14:50,very fake app something it really disappoint
Dricile Stanley (Nadra),very excited,5,2025-11-20 16:59:02,very excited
Kajoba Allan,check your network,3,2025-11-20 14:36:10,check your network
Felix,This app was really good at first but at the moment when you open it it takes you to mtn pulse instead It's really a freak 🤕🤧,1,2025-11-20 13:26:02,this app was really good at first but at the moment when you open it it takes you to mtn pulse instead its really a freak
Omongot Tom,its bueatiful app,5,2025-11-19 18:27:53,its bueatiful app
Kabagabu Unice,thank u my mtn,5,2025-11-19 14:13:08,thank u my mtn
AROMORACH HARRIET,doesn't work!!!,1,2025-11-19 07:38:17,doesnt work
Steven Kazibwe,very good apk,5,2025-11-18 14:27:33,very good apk
UWAMUNGU GISUBIZO Jules,koyanze gukara muri phone yanga,1,2025-11-18 11:50:14,koyanze gukara muri phone yanga
Byamx Tulinx,it is not accessing in my phone,2,2025-11-17 18:05:38,it is not accessing in my phone
Philip Pope,very slow and consuming more data,1,2025-11-17 16:56:51,very slow and consuming more data
SANFRANCISCO SHARIF,the app keeps on loading since I downloaded it no use by now if possible 0zero star,1,2025-11-17 15:36:30,the app keeps on loading since i downloaded it no use by now if possible zero star
Kalemire Elton,"while opening it it keeps on telling me that failed to reach server,and more so it only opens when it wants i don't know what could be the problem",1,2025-11-17 15:19:30,while opening it it keeps on telling me that failed to reach serverand more so it only opens when it wants i dont know what could be the problem
Mirembe Rashida,its not cool,5,2025-11-17 11:17:58,its not cool
Jon Bosco,very much good for the un certain scummers of whom sends us direct messages so I just open the mymtn app for insuerity,4,2025-11-17 07:31:38,very much good for the un certain scummers of whom sends us direct messages so i just open the mymtn app for insuerity
Okwalinga Daniel,🙋🙋🙋👊🏿👊 the king of the jungle 👈👈👈,5,2025-11-16 17:21:48,the king of the jungle
Patricia Natasha,it's good but doesn't go on without data,5,2025-11-16 15:40:37,its good but doesnt go on without data
Tyrant Da atopian,I like data and minutes,5,2025-11-15 22:11:02,i like data and minutes
Alum,this app is fast and secure,1,2025-11-15 18:26:57,this app is fast and secure
Michael Enasu,nice and lovely app,5,2025-11-15 17:39:02,nice and lovely app
Lwande Godfrey,simple and faster,3,2025-11-15 17:17:29,simple and faster
Ocen Andrew,can not log in,2,2025-11-15 16:53:43,can not log in
Prossy Bukirwa,its fantastic,5,2025-11-15 10:36:48,its fantastic
Samuel Matovu (Mats Blair),it's 2025 still this app can't be used over WiFi😟,1,2025-11-15 07:46:01,its still this app cant be used over wifi
Mike Mixon,The app is desturbing !!!! some times not well connected to the server,1,2025-11-14 13:06:50,the app is desturbing some times not well connected to the server
Kizito Ali (Saava),This app is totally useless coz whenever i try to open it can't do anything at all. Just loading their adds. It's wastage of data to download. Pliz you guys try to bring back the old version but not this new version which is meant for displaying add only it's more than worse 😭😭😭😭😭,1,2025-11-14 07:24:45,this app is totally useless coz whenever i try to open it cant do anything at all just loading their adds its wastage of data to download pliz you guys try to bring back the old version but not this new version which is meant for displaying add only its more than worse
Moses Mugisho,fresh and clean 👌🏿,5,2025-11-13 21:59:19,fresh and clean
Turyagumizamu Milton,helpful and it is better to use quickly,5,2025-11-13 10:12:39,helpful and it is better to use quickly
RAMZAY ZODIAC,very good app add more free data on my account,5,2025-11-12 21:14:16,very good app add more free data on my account
Berchel Safou,On à besoin des cartes bancaires virtuels maintenant.,3,2026-04-23 12:58:24,on besoin des cartes bancaires virtuels maintenant
Meglove Diass,cette application est une fraude,1,2026-03-06 12:20:52,cette application est une fraude
STYVE BWIRABUBUYA,"L'application My MTN me donne une notification d'erreur seulement lors de l'installation, a chaque fois que je lance l'installation, elle me demande de se connecter au réseau Wifi quand bien même j'utilise les données mobiles.",1,2026-02-28 21:26:21,lapplication my mtn me donne une notification derreur seulement lors de linstallation a chaque fois que je lance linstallation elle me demande de se connecter au rseau wifi quand bien mme jutilise les donnes mobiles
Michael ouissyka,super app je l'utilise tous les jours,5,2026-02-24 21:07:09,super app je lutilise tous les jours
Delphin Ayikpe,L'application ne marche pas après l'installation,1,2026-02-22 00:17:00,lapplication ne marche pas aprs linstallation
jean nkodia,j'aime beaucoup cette application,2,2026-02-04 13:17:31,jaime beaucoup cette application
Christ Mandoko,meilleurs dans le congo,5,2026-01-31 22:07:28,meilleurs dans le congo
Aldrich Loemba,Parfait 100% cool je valide j'aime beaucoup cette application,5,2026-01-28 14:57:17,parfait cool je valide jaime beaucoup cette application
Josué MBAMBI,"l'appli ne fonctionne même pas. A peine télécharger, on te demande de télécharger encore une nouvelle version, en cliquant sur télécharger, ça te ramène sur play store et là bas play store écrit élément introuvable. Je ne sais si c'est un bug mais ça fait 4 jours que j'essaie et ça ne passe pas 🤦🏾‍♂️🙇🏾‍♂️",1,2025-12-28 21:29:57,lappli ne fonctionne mme pas a peine tlcharger on te demande de tlcharger encore une nouvelle version en cliquant sur tlcharger a te ramne sur play store et l bas play store crit lment introuvable je ne sais si cest un bug mais a fait jours que jessaie et a ne passe pas
THYNO DESTIN MABOUNDOU,je suis déçu trop des problèmes de connexion Internet pourquoi comme ça svp faites des efforts,5,2025-12-14 16:13:19,je suis du trop des problmes de connexion internet pourquoi comme a svp faites des efforts
Dheon,"médiocrité absolue, je n' ai pas accès à l'application.",1,2025-12-12 14:05:54,mdiocrit absolue je n ai pas accs lapplication
Henri Joel MISSIE MBANI,"très médiocre l'application ne s'installe plus, je ne vous donne même pas une petite étoile, rien ne marche.",1,2025-12-09 22:29:11,trs mdiocre lapplication ne sinstalle plus je ne vous donne mme pas une petite toile rien ne marche
Julien AGAN,"Cette application et même celle du net ou sur pc ne fonctionne pas correctement. Sur le pc j'ai le même montant et la même connexion qui 'e changent jamais malgré les recharges et les mises à jour ou actualisation, c'est vraiment dommage pour un si grand réseau soit disant. L'application télécharger choisit peut être avec quel portable marcher. On tourne en rond sans succès, je ne sais pas comment cela a réussi pour ceux qui en disent du bien! l'application doit trier certainement les endroits.",1,2025-12-03 10:54:12,cette application et mme celle du net ou sur pc ne fonctionne pas correctement sur le pc jai le mme montant et la mme connexion qui e changent jamais malgr les recharges et les mises jour ou actualisation cest vraiment dommage pour un si grand rseau soit disant lapplication tlcharger choisit peut tre avec quel portable marcher on tourne en rond sans succs je ne sais pas comment cela a russi pour ceux qui en disent du bien lapplication doit trier certainement les endroits
Samy Makita,"c'est vraiment regrettable, l'application pour fonctionner, demande une mise à jour. Mais le lien pour télécharger la mise à jour ne fonctionne pas. Alors comment utiliser l'applis !!",1,2025-11-27 15:52:56,cest vraiment regrettable lapplication pour fonctionner demande une mise jour mais le lien pour tlcharger la mise jour ne fonctionne pas alors comment utiliser lapplis
Ismaël Ikagna,4 étoile c'est super,4,2025-11-17 20:44:53,toile cest super
Bahenda Wague,Merci pour votre disponibilité Merci encore,5,2025-11-08 22:14:31,merci pour votre disponibilit merci encore
Alman Assé,un peu nulle,2,2025-11-07 15:18:47,un peu nulle
Malucodi,j n sais pas qu'est ce qui s passe mais cela n s'installe pas sur mon phone. mais quand j'essaie avec celles d'autres pays c'est carré 😔😔😔,1,2025-10-14 19:43:27,j n sais pas quest ce qui s passe mais cela n sinstalle pas sur mon phone mais quand jessaie avec celles dautres pays cest carr
Emmanuelle Kengue,ou es là nouvelle version,1,2025-10-12 17:50:02,ou es l nouvelle version
Prince Japhet,ne fonctione pas,4,2025-10-12 16:21:28,ne fonctione pas
Merdel NIMI,"Une application que je viens d'installer mais qui me demande encore les mises à jour, et tu rentres c'est sans suite...",1,2025-10-12 07:29:04,une application que je viens dinstaller mais qui me demande encore les mises jour et tu rentres cest sans suite
Gyl'b Yembe,trop nul. ça ne marche même pas,1,2025-10-07 20:28:19,trop nul a ne marche mme pas
Kadie Konaté,je que tout les applications 'installe,5,2025-10-05 05:22:07,je que tout les applications installe
Stopira Dzila,"Bonsoir MY MTN. j'ai toujours aimé cette application par-contre j'essaie de faire un mis à jour, sur mon téléphone ça marche pas. s'il vous plaît aide moi, mon appareil est un TECHNO POP 7",2,2025-10-04 01:55:49,bonsoir my mtn jai toujours aim cette application parcontre jessaie de faire un mis jour sur mon tlphone a marche pas sil vous plat aide moi mon appareil est un techno pop
Brade Elion,l'App du bonheur,5,2025-09-25 07:35:30,lapp du bonheur
Prophete Ngollo Itoba,Pourquoi c'est inacceptable,5,2025-09-19 13:40:18,pourquoi cest inacceptable
Naima Moukoueri,je me Sète application lo,5,2025-09-16 12:23:36,je me ste application lo
Logan Belli,Merci MTN pour nous faciliter la tâche,5,2025-09-15 20:02:10,merci mtn pour nous faciliter la tche
Doum 99,impossible de se connecter sur les serveurs en côte d'ivoire...,1,2025-09-14 19:28:16,impossible de se connecter sur les serveurs en cte divoire
Janaï jodan Mbani,"comment faire la Mise a jour,car chez moi l'application est hors service",2,2025-09-09 00:17:18,comment faire la mise a jourcar chez moi lapplication est hors service
exauce diabangouaya,cette application ne fonctionne pas,1,2025-09-04 19:25:49,cette application ne fonctionne pas
Dany Dak,L'application est bonne et simple à utiliser une fois installée on vous donne 500 méga,5,2025-09-04 16:40:33,lapplication est bonne et simple utiliser une fois installe on vous donne mga
Vhady Nguie,"C'est vraiment regrettable, cette application n'est plus à jour depuis longtemps et après l'avoir installé, on me demande de télécharger une nouvelle version mais la nouvelle version n'est pas disponible.",1,2025-08-20 20:36:12,cest vraiment regrettable cette application nest plus jour depuis longtemps et aprs lavoir install on me demande de tlcharger une nouvelle version mais la nouvelle version nest pas disponible
Razafindralay Jeudi Samuel,c'est très bonne,1,2025-08-19 16:43:13,cest trs bonne
Thomas Bakalas,"l'application ne fonctionne pas depuis un moment, suite une mise à jour",1,2025-08-14 20:49:16,lapplication ne fonctionne pas depuis un moment suite une mise jour
Clarice saidi,My MTN is beautiful 😍 j'aime beaucoup,5,2025-08-11 18:28:10,my mtn is beautiful jaime beaucoup
Guerrna ç Koutatouka (“Triple-Sept”),L'application demande une mis a jour alors que y'a pas d'autres version ici !,1,2025-08-11 00:06:12,lapplication demande une mis a jour alors que ya pas dautres version ici
LEI RYO,nul nul nul nul nul nul nul et nul 0/10😡😡😡😡 Etoile c'est juste parce qu'il faut mettre au moins une pour publier sinon je ne devais rien mettre.,1,2025-08-08 11:10:04,nul nul nul nul nul nul nul et nul etoile cest juste parce quil faut mettre au moins une pour publier sinon je ne devais rien mettre
Moise Injili nzayaha,tres bonne application,5,2025-08-02 12:32:52,tres bonne application
Jeffrey Mignon,pourquoi l'application ne se lance plus ?,1,2025-07-30 17:22:30,pourquoi lapplication ne se lance plus
Viad'F John,"elle ne fonctionne plus, il y est écrit : nouvelle version MyMTN disponible cliquez sur télécharger pour mettre à jour. mais lorsque je clique sur ""télécharger"" rien ne se passe",1,2025-07-29 14:59:51,elle ne fonctionne plus il y est crit nouvelle version mymtn disponible cliquez sur tlcharger pour mettre jour mais lorsque je clique sur tlcharger rien ne se passe
LORIS LOPEZ,application nulle. nous sommes au 21 ème siècle et cela ne marche pas,1,2025-07-28 01:37:15,application nulle nous sommes au me sicle et cela ne marche pas
Clardy Bat,ça ne marche pas,1,2025-07-10 14:16:10,a ne marche pas
Cleyhmard et thersianie Kinzonzi et Loïc kinzonzi,Je l'installe pour exécuter la ce Zoro je me souviens dans le passé avec mon ancien phone ça marche mais la ce foutu rien ne marche au Congo 🇨🇬 Pointe-Noire précise bien sûr ailleurs je ne sais pas mais ici ce double zéro,1,2025-07-07 22:36:53,je linstalle pour excuter la ce zoro je me souviens dans le pass avec mon ancien phone a marche mais la ce foutu rien ne marche au congo pointenoire prcise bien sr ailleurs je ne sais pas mais ici ce double zro
Elodie Kate,je ne parviens pas à me connecterq,1,2025-07-02 09:45:51,je ne parviens pas me connecterq
claude og,null cette application ne fonctionne pas dans mon téléphone,1,2025-07-01 22:56:33,null cette application ne fonctionne pas dans mon tlphone
Jordan Rachadol,"après l'installation de l'application un message apparaît veillez faire la mise à de l'application,",1,2025-07-01 03:19:50,aprs linstallation de lapplication un message apparat veillez faire la mise de lapplication
DiNAH SOROMOU,ça ne prend pas,5,2025-06-30 12:51:23,a ne prend pas
Gloire Felder DIANZIINGA (Mwana Nzoko),"A mon humble avis, je pense que cette application n'est pas mal du tout. Dans la mesure où, elle facilite la tâche on nous permettons d'utiliser certains forfaits sans pourtant utiliser les codes. Mais, la chose que je peux reprocher au concepteur de cette application c'est qu'elle nous donne pas toutes les variétés essentielles dont disposent les services MTN comme faisait touna à une époque donnée. D'où, je lui attribue 3 étoiles.",3,2025-06-25 22:02:13,a mon humble avis je pense que cette application nest pas mal du tout dans la mesure o elle facilite la tche on nous permettons dutiliser certains forfaits sans pourtant utiliser les codes mais la chose que je peux reprocher au concepteur de cette application cest quelle nous donne pas toutes les varits essentielles dont disposent les services mtn comme faisait touna une poque donne do je lui attribue toiles
Mathieu MATONGO,L'application dit qu'il faut télécharger la nouvelle version mais elle est pourtant à jour.,1,2025-06-24 12:37:14,lapplication dit quil faut tlcharger la nouvelle version mais elle est pourtant jour
Manu Gola,zéro c'est horrible,1,2025-06-08 07:35:26,zro cest horrible
Divine Maria Kidiba,"votre application à peine téléchargée, demande de télécharger la nouvelle version et quand on essaie de le faire c'est sans suite, pure arnaque !! en réalité je ne devrais même pas mettre une étoile.",1,2025-05-25 22:22:48,votre application peine tlcharge demande de tlcharger la nouvelle version et quand on essaie de le faire cest sans suite pure arnaque en ralit je ne devrais mme pas mettre une toile
SM ROMEO DAWA,J'ai de la peine à installer myMTN et en plus tout est en anglais. Je désemparé,4,2025-05-05 14:24:26,jai de la peine installer mymtn et en plus tout est en anglais je dsempar
destin mboungou,merci pour l'application,5,2025-04-24 06:41:54,merci pour lapplication
Issa musinguzi,"il semble que l'App ne fonctionne pas dans les Samsung galaxy, hein ??? car je l'ouvre et une notification s'affiche qui me dit y a une erreur au serveur et que je dois désactivé les wifi pour l'ouvrir alors que mon wifi est désactivé ils veulent que je désactive quoi d'autre ??",1,2025-04-08 11:10:05,il semble que lapp ne fonctionne pas dans les samsung galaxy hein car je louvre et une notification saffiche qui me dit y a une erreur au serveur et que je dois dsactiv les wifi pour louvrir alors que mon wifi est dsactiv ils veulent que je dsactive quoi dautre
olivia De souza,Je ne l'ai pas encore essayé mais je vois les avis,3,2025-02-19 22:02:51,je ne lai pas encore essay mais je vois les avis
Ngwasi Marie,bonne application mais pour le moment la connexion n'est bonne,5,2025-02-02 20:17:25,bonne application mais pour le moment la connexion nest bonne
JOSEPH IRAGI,For sure I have loved the way the app is looking like.❤️❤️,4,2025-01-13 09:07:25,for sure i have loved the way the app is looking like
Moïse abel Lama,Guidez-moi dans cette application.,4,2024-09-06 23:04:26,guidezmoi dans cette application
Mamadou Tahirou Diallo,Je ne suis pas content l'application s'ouvre même pas.,2,2024-08-24 11:14:18,je ne suis pas content lapplication souvre mme pas
Officiel ART,J'adore l'application,5,2024-07-10 14:44:55,jadore lapplication
Daniel Awono kolo,Pourquoi laisser qu'on télécharge pour ensuite découvrir que l'App n'est plus d'actualité et a été remplacée?,1,2024-05-07 12:17:42,pourquoi laisser quon tlcharge pour ensuite dcouvrir que lapp nest plus dactualit et a t remplace
Benjamin Hategekimana,Comment je peux utiliser cette application pour satisfaire mes besoins ?,5,2024-04-08 11:47:27,comment je peux utiliser cette application pour satisfaire mes besoins
Jacqui Rabenandrasana,Telegram.contact sim.google.chrom.youtub.email.messanger.tout apps reel,1,2024-03-19 13:18:28,telegramcontact simgooglechromyoutubemailmessangertout apps reel
FADIL Ben OUMAR,Nul j'suis au Cameroun et j vois pas mon pays,1,2024-03-19 00:26:17,nul jsuis au cameroun et j vois pas mon pays
BG TEC,unable to connect to server. c'est le message que je revois à l'ouverture de l'application,1,2024-02-08 12:23:08,unable to connect to server cest le message que je revois louverture de lapplication
Shukuru Durrbal,Is use ful mbs,5,2024-01-16 20:38:23,is use ful mbs
Emmanuel Balogog,Nul cette application. MyOrange est 100000000 fois plus mieux que vous les bêtises,1,2023-12-29 19:58:53,nul cette application myorange est fois plus mieux que vous les btises
Ouzer JR,Il y a pas le Cameroun pour vous y êtes à crier,1,2023-12-27 10:46:07,il y a pas le cameroun pour vous y tes crier
Frank Mfekouht,J'e ne voir par Cameroun dans selection pays,1,2023-11-23 09:54:18,je ne voir par cameroun dans selection pays
Come-Riche Assogbenou,L'application ne marche pas sa écrit impossible de se connecter au serveur faites quelque chose svp,1,2023-10-12 15:54:54,lapplication ne marche pas sa crit impossible de se connecter au serveur faites quelque chose svp
Guylain Guerzoni Bassingana (zoni),N'importe quoi vous vous foutez qui même ?,1,2023-10-03 17:42:37,nimporte quoi vous vous foutez qui mme
Teikeng Marc,J'ai pas pu me connecter car mon pays le Cameroun ne figure pas sur la liste des pays,1,2023-09-26 14:33:57,jai pas pu me connecter car mon pays le cameroun ne figure pas sur la liste des pays
Amadou Soniane,Je vous mets 3/5 car l'application n'est pas disponible au Sénégal 🇸🇳.,3,2023-09-22 14:06:32,je vous mets car lapplication nest pas disponible au sngal
Pascal Le phénix,Le cameroun ne figure plus parmi ? Comment faire maintenant ??,1,2023-09-19 21:22:18,le cameroun ne figure plus parmi comment faire maintenant
Herve Durand Ndi,Quand une application n'est plus disponible pour un pays il faut le notifier aux utilisateurs,1,2023-09-17 20:48:05,quand une application nest plus disponible pour un pays il faut le notifier aux utilisateurs
Gring Bachir,Le fait d'enlever le Cameroun n'ait pas une bonne idée sa devient de plus en plus nulle cette application sa ne sert maintenant à rien...👎👎👎👎👎👎👎👎👎👎👎👎👎👎,1,2023-09-16 11:20:24,le fait denlever le cameroun nait pas une bonne ide sa devient de plus en plus nulle cette application sa ne sert maintenant rien
Williams Legran,Disparition du Cameroun avec (la dotation du 1Go bonus) de la liste des pays. Son interface qui est différent que celle de la publicité. Bien vouloir y intégrer les fonctionnalités Mobile Money que de créer une autre application et pourtant celle-ci peut faire tout le travail...,1,2023-09-15 22:54:29,disparition du cameroun avec la dotation du go bonus de la liste des pays son interface qui est diffrent que celle de la publicit bien vouloir y intgrer les fonctionnalits mobile money que de crer une autre application et pourtant celleci peut faire tout le travail
Daklin Johan (Joresno),J'ai un souci avec mymtn Depuis le matin je parvient pas à créer de compte parce que il ya plus camerounais sur la première page,5,2023-09-15 13:52:45,jai un souci avec mymtn depuis le matin je parvient pas crer de compte parce que il ya plus camerounais sur la premire page
Faryda Aicha,Pourquoi il ya plus Cameroun dans mymtn,1,2023-09-15 13:51:38,pourquoi il ya plus cameroun dans mymtn
Daniel Ndjana Bela,"Depuis 2mois mon application mymtn ne me reconnais plus:plus de contenu à afficher, fréquemment mentionné Alerte,je ne comprends rien à ce qui se passe,mes appels aux services clients se soldent par une étude de mon problème qui demeure une intention,que faire ?",1,2023-09-07 10:39:35,depuis mois mon application mymtn ne me reconnais plusplus de contenu afficher frquemment mentionn alerteje ne comprends rien ce qui se passemes appels aux services clients se soldent par une tude de mon problme qui demeure une intentionque faire
Mohamadou Bach,Parfaite application 👌👌👌,5,2023-08-25 10:11:30,parfaite application
Beno Ben,C'était si génial que j'ai pas les mots pour exprimer,4,2023-08-13 12:50:54,ctait si gnial que jai pas les mots pour exprimer
Toni Blēū,Trop cool 👻 1 gigas offert,5,2023-08-05 22:19:51,trop cool gigas offert
Dimitrypaul,Very bad as app You must adapted this for any phone This app is not working normally At beginning it give but later this We ask you the code pin . When you put the code pin after they tell you that there are a error,1,2023-07-14 11:26:04,very bad as app you must adapted this for any phone this app is not working normally at beginning it give but later this we ask you the code pin when you put the code pin after they tell you that there are a error
Amati Stanley,certains comment une application agréable à utiliser,3,2023-06-29 07:46:24,certains comment une application agrable utiliser
Jean Richard Kouassi,Trop trop trop trop trop nul 😫😫😫😫😫😫😫😫,1,2023-06-28 15:16:22,trop trop trop trop trop nul
emmanuel ouattara (“alexander mahone”),ça ne passe pas on me demande télécharger la nouvelle mise à jour alors que je viens de le télécharger,1,2023-06-27 16:57:45,a ne passe pas on me demande tlcharger la nouvelle mise jour alors que je viens de le tlcharger
Kinan Coulibaly,"Non mais attendez, après avoir téléchargé l'apply elle nous met un message de mise à jour, cependant aucune n'est trouvée, quand vous voulez percer dans le réseau, fait le bien!!",1,2023-06-27 14:45:05,non mais attendez aprs avoir tlcharg lapply elle nous met un message de mise jour cependant aucune nest trouve quand vous voulez percer dans le rseau fait le bien
Dro Felicien,"Je n'arrive pas à utiliser l'application, après installation, il met demandé de mettre l'application à jour alors que je viens tour juste de le télécharger. Et quand je fais la mise à jour sur le Google Play sa ne passe pas",1,2023-06-24 20:03:19,je narrive pas utiliser lapplication aprs installation il met demand de mettre lapplication jour alors que je viens tour juste de le tlcharger et quand je fais la mise jour sur le google play sa ne passe pas
Ismael O',Un. Vrais désastre ! Ne mérite même pas une 🔯,1,2023-06-24 01:35:30,un vrais dsastre ne mrite mme pas une
Kouakou Charles,"Une fois installée l'application n'arrive pas à s'exécuter. Un message s'affiche après avoir tourné sans suite. Le message d'erreur et le suivant: ""impossible de se connecter au serveur"" et pourtant cette application fonctionnait correctement au paravant. L'application MoMo continue quant à elle de bien fonctionner. Que dois faire ?",1,2023-06-23 13:37:44,une fois installe lapplication narrive pas sexcuter un message saffiche aprs avoir tourn sans suite le message derreur et le suivant impossible de se connecter au serveur et pourtant cette application fonctionnait correctement au paravant lapplication momo continue quant elle de bien fonctionner que dois faire
STEVEN VUNABANDI,Please help me reinstall mtn app,5,2023-06-23 13:34:18,please help me reinstall mtn app
ALHADJI ABOUBAKAR,Bonjour ou bonsoir je vous remercie,5,2023-06-19 15:35:22,bonjour ou bonsoir je vous remercie
Ohouo Gualbert Kanon,"Ça ne marche pas. Dès l'installation, on me demande une mise à jour qui ne peut être téléchargée !...",1,2023-06-14 10:53:30,a ne marche pas ds linstallation on me demande une mise jour qui ne peut tre tlcharge
Salomon danh,"Nul pack YouTube ne passe plus connexion nuit est devenus très très chers, vous pensez a quoi même je comprends pourquoi beaucoup laisse ce réseau au détriment de moov. Moov est mieux sérieux puff j'ai beaucoup aimé mtn mais c'est devenu nul",1,2023-06-12 15:39:32,nul pack youtube ne passe plus connexion nuit est devenus trs trs chers vous pensez a quoi mme je comprends pourquoi beaucoup laisse ce rseau au dtriment de moov moov est mieux srieux puff jai beaucoup aim mtn mais cest devenu nul
Boniface Noukotom,C'est fiable avec m'y mtn,4,2023-06-12 12:56:07,cest fiable avec my mtn
Ali Diaby,Revoyez votre application. Elle ne marche plus.,1,2023-06-09 17:42:07,revoyez votre application elle ne marche plus
Giresse Zobo bidzanga,Franchement je sais pas pourquoi vous payez des individus pour mettre sur pied des applications et vous vous foutez des de nous retirer cette application de Google play elle ne sert a rien depuis un moment même 1 étoiles elle mérite pas,1,2023-06-09 13:41:55,franchement je sais pas pourquoi vous payez des individus pour mettre sur pied des applications et vous vous foutez des de nous retirer cette application de google play elle ne sert a rien depuis un moment mme toiles elle mrite pas
Kassi Noel KOFFI,l'App la plus nulle du monde 🤣🤣🤣🤣,1,2023-06-08 22:55:00,lapp la plus nulle du monde
MACHING BENJAMIN,Cette application est super pour le VANDEUR de puces !!!!,3,2023-06-07 19:54:41,cette application est super pour le vandeur de puces
Djuikem Lopez,Trop fantastique,5,2023-06-07 07:54:06,trop fantastique
Jonas Zounnon,Boùuuuuuuuuu,1,2023-06-06 01:03:45,bouuuuuuuuu
Arnaud Jean-Charles Antoine TANOE,Extraordinairement nul!,1,2023-06-03 12:24:54,extraordinairement nul
Habib dieudonne Habib,J'ai téléchargé je lance et depuis rien Je supprime c'est mieux,1,2023-05-30 19:52:38,jai tlcharg je lance et depuis rien je supprime cest mieux
Alaino Versace,Le gros cue,5,2023-05-29 11:52:07,le gros cue
Yaya Salomon Traoré,Très bonne application,5,2023-05-27 00:22:38,trs bonne application
Benoit Kangah Kouadio,Application inutile,1,2023-05-26 14:06:28,application inutile
tchimou desire,"Faut pas qu'on va se mentir, l'app ne marche pas mes frere",5,2023-05-25 20:26:14,faut pas quon va se mentir lapp ne marche pas mes frere
Sedina oumar Oumar,Très très efficace,5,2023-05-24 17:06:54,trs trs efficace
LESLIE ADIKO,Après avoir téléchargé l'application on nous demande de télécharger la nouvelle version mais là c'est impossible. Trop nul,1,2023-05-22 17:44:03,aprs avoir tlcharg lapplication on nous demande de tlcharger la nouvelle version mais l cest impossible trop nul
Francis Depri,Application non fonctionnelle,1,2023-05-19 17:15:15,application non fonctionnelle
Ben Chico,"L'application ne fonctionne pas. Il nous est constamment invité à télécharger une version dite à jour, alors que celle ci n'est pas accessible... Veuillez revoir cela svp !",2,2023-05-19 07:44:49,lapplication ne fonctionne pas il nous est constamment invit tlcharger une version dite jour alors que celle ci nest pas accessible veuillez revoir cela svp
Mian Maxime TANO,Nul. MTN doit revoir.,1,2023-05-16 21:47:20,nul mtn doit revoir
Désirée Esther Gbongué,L'application ne fonctionne pas,1,2023-05-09 17:30:10,lapplication ne fonctionne pas
Baino Terketl,Efficace cette application,5,2023-05-07 17:09:52,efficace cette application
Henri ASSI-ADOU,Cette application ne fonctionne pas du tout. Après installation dès le lancement on me propose une nouvelle version. Dès que je clique sur l'option pour télécharger la dite version J'ai une erreur . Donc l'application n'a jamais fonctionné. J'ai un SAMSUNG GALAXY S22. Prenez donc la version nigériane qui marche et adaptez la si vous ne pouvez pas développer une application qui fonctionne.,1,2023-05-04 21:33:11,cette application ne fonctionne pas du tout aprs installation ds le lancement on me propose une nouvelle version ds que je clique sur loption pour tlcharger la dite version jai une erreur donc lapplication na jamais fonctionn jai un samsung galaxy s prenez donc la version nigriane qui marche et adaptez la si vous ne pouvez pas dvelopper une application qui fonctionne
Keur Dalain,Cette application ne fonctionne pas car on ne réussi même pas à l'utiliser. S'il yavait zero etoile c'est ces que je comptais mettre.,1,2023-05-01 15:40:14,cette application ne fonctionne pas car on ne russi mme pas lutiliser sil yavait zero etoile cest ces que je comptais mettre
Thomas Hervé Va,"Une fois l'application téléchargée et installée, on est invité à télécharger qui autre version et lorsqu'on clique sur le bouton télécharger, on est renvoyé vers le Play Store avec une erreur. C'est de l'amateurisme.",1,2023-04-28 20:01:44,une fois lapplication tlcharge et installe on est invit tlcharger qui autre version et lorsquon clique sur le bouton tlcharger on est renvoy vers le play store avec une erreur cest de lamateurisme
Ousmanou André (Pasteur),Mais sa ne marche plus bien avant,3,2023-04-28 12:14:36,mais sa ne marche plus bien avant
Vincent Deffo,Bon application,5,2023-04-27 22:28:25,bon application
Rayan Nogue,Vraiment je ne veux plus utiliser cette appli j'aimerais que l'on rajoute une fonctionnalité pour supprimer son compte mymtn,1,2023-04-27 14:00:36,vraiment je ne veux plus utiliser cette appli jaimerais que lon rajoute une fonctionnalit pour supprimer son compte mymtn
ange touakess,"C'est du n'importe quoi cette application. A peine je télécharge on me demande une mise à jour. Vraiment MTN vous ne valez rien de rien, triché un peu sur vos concurrents c'est mieux",1,2023-04-26 15:29:16,cest du nimporte quoi cette application a peine je tlcharge on me demande une mise jour vraiment mtn vous ne valez rien de rien trich un peu sur vos concurrents cest mieux
Caroline Mbiawoua,Très facile je ne suis plus obligé de retenir Les codes,5,2023-04-13 07:47:16,trs facile je ne suis plus oblig de retenir les codes
Urich Mouozié,"Vraiment splendide cet application, formidable mêmes.",5,2023-04-10 17:06:49,vraiment splendide cet application formidable mmes
Kaïgama Zoon,Meill EF ur,5,2023-04-06 01:02:26,meill ef ur
Alassane Traore,Traore Loseni,1,2023-04-05 23:48:15,traore loseni
Black First,Je ne peut pas installé l'application,1,2023-04-04 16:11:25,je ne peut pas install lapplication
Ahmad Tidjani,Je sais pas qui a rédigé ces fatras de forfait !votre concurrent fait tjrs mieux,1,2023-03-29 16:59:14,je sais pas qui a rdig ces fatras de forfait votre concurrent fait tjrs mieux
Fabrice Damien Mbamba,"Impossible d'accéder à son compte MOMO, peut importe les que l'on configure correctement les données sur données mobiles.",1,2023-03-29 05:23:47,impossible daccder son compte momo peut importe les que lon configure correctement les donnes sur donnes mobiles
Nimbe Konate,Bonne application,5,2023-03-26 12:50:30,bonne application
Joséphine Ngoko,moins efficace à cause du manque de connexion,2,2023-03-24 23:09:57,moins efficace cause du manque de connexion
Nathalie Agossou,Cool trop bien,5,2023-03-21 12:59:03,cool trop bien
Juge Morgane,Pas mal c'est très une bonne application les très compliqué pour utiliser j'aimerais que ça soit moins dur nous tous,5,2023-03-12 20:14:33,pas mal cest trs une bonne application les trs compliqu pour utiliser jaimerais que a soit moins dur nous tous
Jennifer makou,J'adore vraiment cette application !! Vraiment il n'y a rien à reprocher surtout avec de supers bonus,5,2023-02-26 16:46:06,jadore vraiment cette application vraiment il ny a rien reprocher surtout avec de supers bonus
265 TOGBE,Cette explication est très simple pour opérer des opérations,5,2023-02-26 14:40:14,cette explication est trs simple pour oprer des oprations
Koutch Adnas,Adnas January and February and February and March in Washington and February and February is okay with it and it was the first time you an email to your sister in Christ Jesus name amen I am so sorry for not getting my texts are coming to the meeting and I will send the money to get the money to the account and I don't have a car so sorry,5,2023-02-23 01:49:49,adnas january and february and february and march in washington and february and february is okay with it and it was the first time you an email to your sister in christ jesus name amen i am so sorry for not getting my texts are coming to the meeting and i will send the money to get the money to the account and i dont have a car so sorry
Gertrude Nadege Ngo Mbong,Je veux débloquer mon compte Momo pour ma fille elle doit accoucher il faut que j'achète médicaments,5,2023-02-18 14:09:41,je veux dbloquer mon compte momo pour ma fille elle doit accoucher il faut que jachte mdicaments
Ola Justin,Bonjour Madame merci beaucoup pour votre réponse rapide,5,2023-02-16 16:48:51,bonjour madame merci beaucoup pour votre rponse rapide
Adamou Alim,Bon le début,4,2023-02-12 21:13:08,bon le dbut
Defozeu Tchatchet,It's a good application but every body knows that the are advantages and disadvantages,4,2023-02-11 16:19:36,its a good application but every body knows that the are advantages and disadvantages
Adam Saidou,Mauvais application 🤮🤮🤮,1,2023-02-06 20:53:14,mauvais application
Orel Bronze,"Si seulement on pouvait recevoir tous nos messages à travers cette appli, ça serait super pour ceux qui sont en déplacement dans un autre pays",3,2023-01-29 09:34:04,si seulement on pouvait recevoir tous nos messages travers cette appli a serait super pour ceux qui sont en dplacement dans un autre pays
Welcome Mavoungou,"Trop nulle. J'entre mon pays puis mon numéro de téléphone et on me sort que ce n'est pas un numéro MTN de mon pays. Pff, j'ai désinstallé !",1,2023-01-27 12:14:40,trop nulle jentre mon pays puis mon numro de tlphone et on me sort que ce nest pas un numro mtn de mon pays pff jai dsinstall
Kassoum Sidibe,J'adore cette application,5,2023-01-18 23:05:07,jadore cette application
Garga ibrahim Ahmadou,Bcp a faire,3,2023-01-12 22:53:04,bcp a faire
Kikoum Marie,Sa ne donne plus de data,1,2023-01-02 12:58:46,sa ne donne plus de data
Lauretta Mengue,Inutilisable,1,2022-12-29 04:35:53,inutilisable
Aboubacar Sidik Diomandé (“Aboubacar Sidik”),Du n'importe quoi je n'arrive pas à souscrire un pass,2,2022-12-07 03:43:19,du nimporte quoi je narrive pas souscrire un pass
Mahama Boukar,J'ai confiance,3,2022-12-06 14:05:24,jai confiance
Eveline Asifiwe,Courage avec cette application,5,2022-12-02 19:10:29,courage avec cette application
Gbèmènou Adantotode,Trop de complications .,1,2022-12-01 01:26:07,trop de complications
marcelin tossou,C'est du zombi 0/20,1,2022-11-21 14:02:12,cest du zombi
marchal dohouin,Merci beaucoup de tout ce que vous avez effectué,4,2022-11-20 21:15:42,merci beaucoup de tout ce que vous avez effectu
Claude Evina,J'aime cette application,5,2022-11-16 21:05:48,jaime cette application
Moïse MUNTAPBEME,Cette application ne fonctionne plus depuis presque 3 mois,1,2022-11-15 16:25:36,cette application ne fonctionne plus depuis presque mois
Syl20 Oyie,"Impossible d'utiliser cette appli, 9 fois sur 10 on detecte un p***** de wifi pourtant je suis sur les données mobiles 🙄🙄",2,2022-11-09 01:53:31,impossible dutiliser cette appli fois sur on detecte un p de wifi pourtant je suis sur les donnes mobiles
ben Adam Bouba,De chocolat application,5,2022-11-07 00:26:37,de chocolat application
ILARIE DJILO,Je n'arrive pas à télécharger cette application,1,2022-11-02 00:39:34,je narrive pas tlcharger cette application
Mht Zaid,Ok j'aime les applications my MTN,5,2022-11-02 00:20:42,ok jaime les applications my mtn
Un utilisateur de Google,Personnellement je préfère l'ancienne version,3,2022-10-28 10:57:21,personnellement je prfre lancienne version
Gaétan Hounsou,L'application est très bon et facile à utiliser.,5,2022-10-20 12:35:10,lapplication est trs bon et facile utiliser
Naderge Tazanfouo Lili,Il n'y a que les MO qu'on donne au début qui sont bien à part ça plus rien 😭,1,2022-10-17 22:26:28,il ny a que les mo quon donne au dbut qui sont bien part a plus rien
Sylvie Mpesse,Pas très bien pas très mauvais,3,2022-10-16 21:47:04,pas trs bien pas trs mauvais
Eric Bebeto,Jacques le roie,5,2022-10-16 12:48:07,jacques le roie
Andre Wouapi,Partout ou je vais je suis avec MTN,5,2022-10-13 10:17:37,partout ou je vais je suis avec mtn
Jonathan Gounou,Très pratique,5,2022-10-10 23:34:47,trs pratique
Heureux mendel Youyou,je ne vois pas où envoyer et recevoir des mb,2,2022-10-07 12:26:51,je ne vois pas o envoyer et recevoir des mb
Lionel Miller,Ces vraiment formidable cette app,5,2022-10-04 17:23:36,ces vraiment formidable cette app
Kinabary alfred Toure,L'app ne fonctionne qu'avec connexion internet or c'est par on est sensé passer pour souscrire et sans connexion sa marche pas alors comment souscrire si sa marche pas sans connexion ? Il faut dans ce cas souscrire manuellement et si je souscrire manuellement alors où est son utilité ???? Donc l'app est vraiment desservant,1,2022-10-02 22:58:17,lapp ne fonctionne quavec connexion internet or cest par on est sens passer pour souscrire et sans connexion sa marche pas alors comment souscrire si sa marche pas sans connexion il faut dans ce cas souscrire manuellement et si je souscrire manuellement alors o est son utilit donc lapp est vraiment desservant
Fidele Mfalme,Meilleur application,5,2022-10-02 13:03:51,meilleur application
Douglas Fogang,"C'est deux étoiles c'est juste pour ces 1giga,mais le reste pour moi c'est incompétent",2,2022-09-24 20:57:37,cest deux toiles cest juste pour ces gigamais le reste pour moi cest incomptent
Karti Ngolle,"C'est très bien pour aider, mais au contraire c'est difficile a utiliser",1,2022-09-20 12:28:46,cest trs bien pour aider mais au contraire cest difficile a utiliser
Methode Nanhokon,Nul ces derniers temps. Quelqu'un arrive t'il encore a transferer de l'argent via cette application?,1,2022-09-19 17:53:15,nul ces derniers temps quelquun arrive til encore a transferer de largent via cette application
BIGFLEX screen,Pourquoi mobile money redirige vers une autre application ?,1,2022-09-19 17:46:37,pourquoi mobile money redirige vers une autre application
Maxime Agbo,"C'est une très bonne application que MTN a mis à notre disposition pour nous faciliter la tâche.MTN , l'évolution sera pour vous et je serai fier d'être un agent MTN .merci",5,2022-09-19 10:32:37,cest une trs bonne application que mtn a mis notre disposition pour nous faciliter la tchemtn lvolution sera pour vous et je serai fier dtre un agent mtn merci
Tobie Manga,L'application envoie un code je le saisie puis elle me dit qu'il est incorrect,1,2022-09-19 05:24:43,lapplication envoie un code je le saisie puis elle me dit quil est incorrect
Kalina D.F Gorsou,Excellent appli,3,2022-09-07 00:06:20,excellent appli
fohla mouftaou,"Application qui ne sert quasiment à rien. MTN c'est cher, les Mo coulent hors de votre téléphone comme une jarre percée, bref service qui se veut pro mais il y a encore beaucoup de chemin",1,2022-09-06 09:15:53,application qui ne sert quasiment rien mtn cest cher les mo coulent hors de votre tlphone comme une jarre perce bref service qui se veut pro mais il y a encore beaucoup de chemin
Amadou Keita,J'aime cette application my MTN,5,2022-08-31 05:59:25,jaime cette application my mtn
herve etoung,"Copier ce que vos concurrents on eu a faire: empreinte digitale, id du correspondant , prise en main simple",1,2022-08-21 01:07:13,copier ce que vos concurrents on eu a faire empreinte digitale id du correspondant prise en main simple
Cedric Tom,"Je compléterai les 4 autres uniquement que lorsque l'application sera de nouveau utilisable, c'est du n'importe quoi cette application depuis la mise à jour ont me rédige vers une page inaccessible.",1,2022-08-20 02:33:29,je complterai les autres uniquement que lorsque lapplication sera de nouveau utilisable cest du nimporte quoi cette application depuis la mise jour ont me rdige vers une page inaccessible
Anne Emilie Karidja,C'est pas une bonne application vraiment que mtn trouve une solution à se problème,1,2022-08-18 19:34:55,cest pas une bonne application vraiment que mtn trouve une solution se problme
Raoul le grand,Une arnaque. Tu l'installes et on te demande en même temps une mise à jour qui ne passe jamais. Attention ❌❌❌❌❌❌❌❌,1,2022-08-17 21:26:37,une arnaque tu linstalles et on te demande en mme temps une mise jour qui ne passe jamais attention
Raymond Dj,C'est nul car la nouvelle version ne marche pas😶,1,2022-08-16 16:01:11,cest nul car la nouvelle version ne marche pas
l'homme gams,0 étoile si possible mais sait le problème une mise en jour et rien ne passe dans l'app encore trop nul,1,2022-08-14 13:28:07,toile si possible mais sait le problme une mise en jour et rien ne passe dans lapp encore trop nul
Doudou Jean Yves Rodrigue,C'est quelle application a chaque fois ont dois ce faire authentifier. Même les applications de banque c'est pas comme ça.,1,2022-08-13 11:25:29,cest quelle application a chaque fois ont dois ce faire authentifier mme les applications de banque cest pas comme a
Karamô Cissé,Cet application est formidable,5,2022-08-12 18:08:41,cet application est formidable
Miguel nane,trop cool . 5 étoiles,5,2022-08-11 19:25:59,trop cool toiles
Esdras Dago,L'accès est impossible après la demande de mise à jour,1,2022-08-11 04:15:25,laccs est impossible aprs la demande de mise jour
Paulin Tchuisseu,Trop cool mais on ne peut pas se connecter à un autre compte,5,2022-08-07 10:38:51,trop cool mais on ne peut pas se connecter un autre compte
Faustin Guida,Je suis content et je me suis intéressé à me inscrit,5,2022-08-06 15:11:13,je suis content et je me suis intress me inscrit
MASSESSE STRIKER,Comment pouvez-vous avoir une même application en plusieurs tailles et plusieurs versions ? Soyez sérieux décidez-vous choisissez une (qui fonctionne bien) et supprimer les autres,1,2022-08-04 10:55:27,comment pouvezvous avoir une mme application en plusieurs tailles et plusieurs versions soyez srieux dcidezvous choisissez une qui fonctionne bien et supprimer les autres
Alex,"Ça demande une mise à jour, tu cliques dessus... Rien ! Nul tout simplement Trichez ORANGE et MOI",1,2022-08-04 08:32:34,a demande une mise jour tu cliques dessus rien nul tout simplement trichez orange et moi
Aliou Diallo,Mais ça ne fonctionne plus 😭,5,2022-07-22 20:11:31,mais a ne fonctionne plus
Blondine Layb,C'est la magie,5,2022-07-18 15:59:09,cest la magie
Dorel Ibara,J'aime l'application,2,2022-07-17 14:29:19,jaime lapplication
Djimmy Beyene,Moi personnellement c'est le njoh que je yamo alors prenez pour vous,4,2022-07-12 23:31:19,moi personnellement cest le njoh que je yamo alors prenez pour vous
Toutoukpo Thomas Rodrigue Loba,Depuis mtn m'envoie des messages d'installer MyMtn et que le lendemain j'aurai des 5giga mais zéro à la base. Vraiment je suis déçu 😥. Nul comme application. Copié sur votre voisin Orange,1,2022-07-12 00:15:57,depuis mtn menvoie des messages dinstaller mymtn et que le lendemain jaurai des giga mais zro la base vraiment je suis du nul comme application copi sur votre voisin orange
Hamidou aboina,Tres bon application,5,2022-07-06 17:00:55,tres bon application
patrik jonshone,"Cette application,je comprends plus après la mise ajout j'ai plus l'accès pour rentré dans l'application pourquoi MTN vraiment veuillez ramener ça comme il était et sa serait mieux",1,2022-07-05 17:51:35,cette applicationje comprends plus aprs la mise ajout jai plus laccs pour rentr dans lapplication pourquoi mtn vraiment veuillez ramener a comme il tait et sa serait mieux
Wylfreid Mambeau,Honte aux développeurs de cette application,1,2022-06-22 03:49:52,honte aux dveloppeurs de cette application
Bilkissou Houmma,Merci MTN Cameroun,5,2022-06-16 18:30:00,merci mtn cameroun
Aristide Wahile,L applique et très top,5,2022-06-14 22:15:23,l applique et trs top
Clement Ajuwamungu,"Oui, c'est l'une des importantes applications car elle facilite certaines activités, elle est comme un racourcis.",2,2022-05-31 20:15:23,oui cest lune des importantes applications car elle facilite certaines activits elle est comme un racourcis
BAbba Siddi,Bonjour je suis en ligne sur notre site Internet,5,2022-05-27 08:18:32,bonjour je suis en ligne sur notre site internet
John Calvin,"Zero (0) étoile... ne surtout pas installer cette version, c'est un piège. Beaucoup de transactions ne fonctionnent plus. Du coup, vous devrez changer de téléphone pour activer plusieurs codes et pires... personnes ne pourra rien pour vous",1,2022-05-25 20:34:19,zero toile ne surtout pas installer cette version cest un pige beaucoup de transactions ne fonctionnent plus du coup vous devrez changer de tlphone pour activer plusieurs codes et pires personnes ne pourra rien pour vous
Ayodele Ruth TCHABY,"C'est plutôt pas mal, ça facilite la tâche Mais j'ai un souci. Est-ce nécessairement un seul numéro qui sera connecté à l'application. J'ai deux numéros et je veux faire des transactions sur les deux. Voilà que l'application est unique",4,2022-05-25 18:37:31,cest plutt pas mal a facilite la tche mais jai un souci estce ncessairement un seul numro qui sera connect lapplication jai deux numros et je veux faire des transactions sur les deux voil que lapplication est unique
Emmanuel fils Ranava,C'est bien mais ça doit être un nouveau message,1,2022-05-16 18:53:58,cest bien mais a doit tre un nouveau message
Aime Tchouamo,Pourquoi n'est-il plus possible d'acheter les forfaits à partir de cette application? Notamment les forfaits mtn wanda.,1,2022-05-13 12:20:33,pourquoi nestil plus possible dacheter les forfaits partir de cette application notamment les forfaits mtn wanda
Ignace Blaise Zebaze,"Super,merci pour l'application.",5,2022-05-07 08:41:11,supermerci pour lapplication
Nathan Abah,"Mega octec mal represente , utilisation difficile",2,2022-05-05 20:57:18,mega octec mal represente utilisation difficile
Catherina Mbou,J'aime l'application vraiment,5,2022-05-04 08:57:16,jaime lapplication vraiment
Emile Aïbaba,Je veux le numero surquel j'ai transfere d'argent aujourdhui,1,2022-04-27 22:31:47,je veux le numero surquel jai transfere dargent aujourdhui
abdourahamane nabe,La connexion est trop lente,3,2022-04-27 18:29:37,la connexion est trop lente
Hasana Youssoufa,Merci de itilize,5,2022-04-26 09:40:22,merci de itilize
Bb Dior,Le manque de méga empeche le fonctionnement,4,2022-04-24 08:46:29,le manque de mga empeche le fonctionnement
Ripmeur Pepe,Trop top cette application,5,2022-04-09 22:25:51,trop top cette application
Youri DONKPEGAN,Application déjà désinstallé. Ce n'est pas la peine même,1,2022-04-07 20:35:36,application dj dsinstall ce nest pas la peine mme
GALDEX TEYON,Les services MTN offerts sont trop super,5,2022-04-06 15:05:46,les services mtn offerts sont trop super
Vertos Jefelly,"Bonsoir à l'équipe technique MTN , j'ai une suggestion. Pourquoi ne pas réunir "" My MTN ""et "" MTN MoMo "" en une seule application ? , C'est plus pratique et ça prendrait moin de place dans le téléphone , non ?",4,2022-04-05 18:56:06,bonsoir lquipe technique mtn jai une suggestion pourquoi ne pas runir my mtn et mtn momo en une seule application cest plus pratique et a prendrait moin de place dans le tlphone non
Majães Abana,J'ai réinstallé ça juste pour mettre une étoile et redesinstaller. S'il y avait possibilité de mettre des étoiles négatives j'aurai mis -400 étoiles.,1,2022-03-31 18:01:50,jai rinstall a juste pour mettre une toile et redesinstaller sil y avait possibilit de mettre des toiles ngatives jaurai mis toiles
Ali Touré,cette application est bon,4,2022-03-28 08:07:48,cette application est bon
Yvel,Je suis kiss. yvel je m'en posé sur là yoba,5,2022-03-26 22:39:40,je suis kiss yvel je men pos sur l yoba
Ibrahim Mogazou Maiga,Pour moi mon compte my mtn n'est pas prendre,1,2022-03-24 20:41:17,pour moi mon compte my mtn nest pas prendre
TCHOUE BING'NY,La réaction de MTN est immédiate face à nos réclamations. Je suis satisfait,5,2022-03-23 23:53:18,la raction de mtn est immdiate face nos rclamations je suis satisfait
Soh Steve,Très belle application,5,2022-03-23 18:32:18,trs belle application
Adrian Elkapo,Puuuff 😒😒je m'en vais à orange mtn ne vaut pas la peine 🚶🚶,1,2022-03-23 16:16:56,puuuff je men vais orange mtn ne vaut pas la peine
Smoke BOMAYE,J'aime vraiment,3,2022-03-18 18:25:25,jaime vraiment
Martin Lowoson Perez,Vous nous décevez avec vos bugs de réseau.,1,2022-03-17 22:55:45,vous nous dcevez avec vos bugs de rseau
Dhebba Moise,Use this app,5,2022-03-16 20:09:58,use this app
ghislain houenon,Je le désinstalle en même temps. Très nul,1,2022-03-12 23:57:04,je le dsinstalle en mme temps trs nul
BAHATI ONDOGA,Nice app when you're using to do your best,5,2022-03-11 19:35:24,nice app when youre using to do your best
Cléopas K.,"Impossible de me connecter pour faire mes transactions Momo normalement. Redirigé sur MTN Momo, tout aussi Nul. *Décommande l'appli",1,2022-03-08 07:22:04,impossible de me connecter pour faire mes transactions momo normalement redirig sur mtn momo tout aussi nul dcommande lappli
Ezekiel Lodza,This app well when you are using And is that am using,5,2022-03-07 18:56:03,this app well when you are using and is that am using
jeanclaude abounaewodo,Ils faut améliorer votre application ??,1,2022-03-06 13:12:09,ils faut amliorer votre application
Roukaiyatou Dadda,L'application est très bien,5,2022-03-02 18:35:41,lapplication est trs bien
Etienne Mambo,Thank you for this app,1,2022-03-02 18:00:23,thank you for this app
Josam Katabuka,Very good app,1,2022-03-02 07:10:02,very good app
Ismael Sato,"La partie Momo ne marche plus, c'est nul.",1,2022-03-01 12:21:10,la partie momo ne marche plus cest nul
mohamed SOUBEROU,"Depuis que je viens de faire la mise à jour mon compte momo ne s'ouvre plus, c'est ma sérieux",1,2022-02-28 22:16:45,depuis que je viens de faire la mise jour mon compte momo ne souvre plus cest ma srieux
koyine ka,"C'est une honte pour MTN, la quasi-totalité des APPLIS & SERVICES MTN ne fonctionne plus, si vous ne pouvez plus vous adaptés alors vendez l'entreprise à des gens qui ont la capacité de fournir a ces clients des services qui fonctionne",1,2022-02-28 21:01:58,cest une honte pour mtn la quasitotalit des applis services mtn ne fonctionne plus si vous ne pouvez plus vous adapts alors vendez lentreprise des gens qui ont la capacit de fournir a ces clients des services qui fonctionne
Jean-Baptiste GBEDO,C'est déplorable. Désormais il faudra passer par une autre application pour gérer son momo et impossible si tu n'es pas connecté à un réseau MTN. Innovation à reculons,1,2022-02-27 22:01:33,cest dplorable dsormais il faudra passer par une autre application pour grer son momo et impossible si tu nes pas connect un rseau mtn innovation reculons
Hen ri,L'application était bonne mais là depuis 1 mois ça ne marche plus,1,2022-02-23 15:46:40,lapplication tait bonne mais l depuis mois a ne marche plus
NTCHOING EMMANUEL,"J'ai aimé c'est une bonne application formidable, qui résout nos difficultés et plus rapidement.",5,2022-02-23 09:07:57,jai aim cest une bonne application formidable qui rsout nos difficults et plus rapidement
Alex Gildas SOSSOU,Depuis un moment quand je veux faire une opération ça me demande de télécharger une autre application. Corrigé celà svp. Sinon très bonne application,3,2022-02-22 15:57:18,depuis un moment quand je veux faire une opration a me demande de tlcharger une autre application corrig cel svp sinon trs bonne application
Norbert Ayayi,L'application est au top. Si nous pouvons avoir plus sur nos relevés,3,2022-02-21 08:11:06,lapplication est au top si nous pouvons avoir plus sur nos relevs
Luc Leon,Gaspillage de forfait lapplication est vraiment nul,1,2022-02-20 17:21:13,gaspillage de forfait lapplication est vraiment nul
Eric Kandji,Difficile de se connecter c'est de la desolation,3,2022-02-20 16:55:23,difficile de se connecter cest de la desolation
Gnon Seko Daran,Il faut forcément un forfait internet sur MTN pour pouvoir accéder à mobile money c'est très très très nul,1,2022-02-20 14:58:42,il faut forcment un forfait internet sur mtn pour pouvoir accder mobile money cest trs trs trs nul
dudden poirot,Votre application ne fonctionne plus ni celle dont vous nous rédigez sur après avoir allé sur playstore,1,2022-02-20 14:11:11,votre application ne fonctionne plus ni celle dont vous nous rdigez sur aprs avoir all sur playstore
Penn brandon Mbuh,Un bon moyen bien excellent,2,2022-02-19 21:02:35,un bon moyen bien excellent
EL - BERACA,J'utilise l'application chaque et je suis satisfait mais depuis hier j'ai constaté que pour faire une opération dans mobile money elle me renvoie dans play store pour télécharger une autre application MTN Momo qui ne fonctionne pas. Cette mise à jour a dégradé l'application. Elle n'a plus sa valeur,1,2022-02-19 12:13:48,jutilise lapplication chaque et je suis satisfait mais depuis hier jai constat que pour faire une opration dans mobile money elle me renvoie dans play store pour tlcharger une autre application mtn momo qui ne fonctionne pas cette mise jour a dgrad lapplication elle na plus sa valeur
Vanic Tchoulla Lacmene,Toutes vos applications ne fonctionnent pas dans mon téléphone que ce soit myMtn ayoba ou MTN Momo,1,2022-02-17 03:32:24,toutes vos applications ne fonctionnent pas dans mon tlphone que ce soit mymtn ayoba ou mtn momo
Filon Morel,C'est le meilleur,5,2022-02-13 13:47:18,cest le meilleur
Messamba Kone,ça bloque sur mon téléphone,1,2022-02-12 10:34:57,a bloque sur mon tlphone
wizson official,J'aime trop cet appli,5,2022-02-11 19:33:28,jaime trop cet appli
Chan Toumi,Très pratique et surtout les 1 giga qu'on donne lorsque tu te connectes,4,2022-02-10 11:33:48,trs pratique et surtout les giga quon donne lorsque tu te connectes
Moriel Deussom,Super cette app je vous conseille ça🤗🤗,5,2022-02-09 16:43:34,super cette app je vous conseille a
Timothée Rhim,Vraiment chouette,5,2022-02-03 15:34:49,vraiment chouette
Paul Felix Essama Ayissi,J'arrive pas à avoir accès à mon compte,1,2022-02-03 08:41:19,jarrive pas avoir accs mon compte
Lucien Akodinsi,"Appk nul, je n'arrive même à m'inscrire. L'authentication ne marche jamais. C'est toujours échec, jusqu'à ce j'ai fais la mise à jour et les mêmes scènes se répètent",1,2022-01-29 12:00:35,appk nul je narrive mme minscrire lauthentication ne marche jamais cest toujours chec jusqu ce jai fais la mise jour et les mmes scnes se rptent
Cheou Alao,Bonne application. J'adore sa simplicité,5,2022-01-28 10:20:55,bonne application jadore sa simplicit
Dylane Zekeng,"L'application est assez top, mais ne peut être utilisée que si on possède un forfait internet ce qui n'est pas cool vu que ces services sont supposés être gratuits. Chez le concurrent il suffit juste d'activer les données mobile pour y avoir accès pas besoin de forfait internet. Merci de revoir cela encore please 🙏",3,2022-01-27 13:08:10,lapplication est assez top mais ne peut tre utilise que si on possde un forfait internet ce qui nest pas cool vu que ces services sont supposs tre gratuits chez le concurrent il suffit juste dactiver les donnes mobile pour y avoir accs pas besoin de forfait internet merci de revoir cela encore please
Fiacre BOSSA,Très urgente application,5,2022-01-24 21:57:53,trs urgente application
Donald Laurier Ngandjui,Plutot cool,5,2022-01-21 12:49:19,plutot cool
Moubarak Abimbola,Juste pour espérer un bon service,4,2022-01-21 02:12:15,juste pour esprer un bon service
Lys Kouetcha,J'arrive pas à ouvrir l'appli soit disant qu'il faut télécharger une autre qui n'existe mm pas. L'arnaque 🤦🏽‍♀️ s'il y avait un moyen de mettre aucune étoile je l'aurais fais,1,2022-01-18 14:30:06,jarrive pas ouvrir lappli soit disant quil faut tlcharger une autre qui nexiste mm pas larnaque sil y avait un moyen de mettre aucune toile je laurais fais
Liliane SM,Avant j'utilisais bien cet appli. Aujourd'hui quand j'installe on me dit qu'une version à jour de l'appli est disponible et lorsque je souhaite faire la mise à jour. Impossible car la nouvelle version est pas disponible. Sans compter que l'appli sur mon téléphone ne s'affiche plus correctement.,1,2022-01-17 23:37:09,avant jutilisais bien cet appli aujourdhui quand jinstalle on me dit quune version jour de lappli est disponible et lorsque je souhaite faire la mise jour impossible car la nouvelle version est pas disponible sans compter que lappli sur mon tlphone ne saffiche plus correctement
Ulrich Kevin Nkoue,Ces passable,5,2022-01-15 19:26:18,ces passable
Franc Enselme Ngueda,je la trouve exceptionnel à mon avis.,4,2022-01-15 13:45:08,je la trouve exceptionnel mon avis
Mirabeau OUAFO,Très fluide cette nouvelle version et surtout fonctionne même sans méga pour les transactions🤩👌,4,2022-01-15 10:46:30,trs fluide cette nouvelle version et surtout fonctionne mme sans mga pour les transactions
Emmanuel franck Atangana,Vraiment satisfaction total! J'apprécie l'innovation MTN. Merci avançons toujours pour un rendement plus fiable. Merci mille fois pour tous.,5,2022-01-15 00:02:58,vraiment satisfaction total japprcie linnovation mtn merci avanons toujours pour un rendement plus fiable merci mille fois pour tous
Colombe GNONLONFOUN,"Bonsoir MTN J'ai passé une commande d'un routeur depuis ce midi et je n'ai toujours pas encore reçu le routeur. Les frais liées à cette commande m'ont pourtant été prélevées. Je n'ai pas non été contacté sur les raisons de cette non livraison et le délai d'attente supplémentaires. Ceci est, vous le conviendrez avec moi, faire preuve de manque de professionnalisme J'espère être livrée à temps demain . Merci",1,2022-01-11 20:48:54,bonsoir mtn jai pass une commande dun routeur depuis ce midi et je nai toujours pas encore reu le routeur les frais lies cette commande mont pourtant t prleves je nai pas non t contact sur les raisons de cette non livraison et le dlai dattente supplmentaires ceci est vous le conviendrez avec moi faire preuve de manque de professionnalisme jespre tre livre temps demain merci
Franky ndongo,C'est une application de guerrier c'est la magie,4,2022-01-10 21:29:05,cest une application de guerrier cest la magie
MBA BA,Pourri je vous déconseille,1,2022-01-10 20:18:25,pourri je vous dconseille
Junior M. Affouda (Le TIGRE),Très génial et utile,5,2022-01-08 19:02:12,trs gnial et utile
Yann Daniel Kapson,Fantastique,5,2022-01-08 15:46:53,fantastique
Vital Degnide,"Pratique l'application, nous louons vos efforts. Mais elle reste à améliorer. Par exemple il n'est pas possible de balancer d'un numéro à un autre pour ceux qui ont un portable double sim (2 sim MTN). Prière revoir comment permette de balancer entre sim. Merci.",3,2022-01-07 10:35:42,pratique lapplication nous louons vos efforts mais elle reste amliorer par exemple il nest pas possible de balancer dun numro un autre pour ceux qui ont un portable double sim sim mtn prire revoir comment permette de balancer entre sim merci
Romaric fotso,Cool cette app,5,2022-01-06 13:30:47,cool cette app
Kossin setodjo sodjinin Akam N'dedji,J'apprécie l'application my MTN,5,2022-01-05 00:52:15,japprcie lapplication my mtn
NEW FULL MOVIE,Très simple à utiliser,5,2022-01-03 12:56:20,trs simple utiliser
Baron Ngah,Bien cette application et en plus on a 1Go apres création du compte,5,2021-12-30 00:37:07,bien cette application et en plus on a go apres cration du compte
Betty Garand,Je t'aime j'aime l'application,4,2021-12-29 12:26:07,je taime jaime lapplication
Mengue Armel,Votre truc ne marche pas ca ne s'ouvre pas c'est du faux,1,2021-12-27 12:04:29,votre truc ne marche pas ca ne souvre pas cest du faux
DESIGN METALLIQUE CONSTRUCTION,Cette application ne fonctionne jamais,1,2021-12-27 11:58:37,cette application ne fonctionne jamais
Julo's Vie longue,C'EST une application Utile,3,2021-12-26 01:07:46,cest une application utile
Moubarak MAMA GAOU,Très bon et facilite la transaction,3,2021-12-25 19:29:30,trs bon et facilite la transaction
Christophe kokou Avodagbe,"Le plus ,mieux et rapide service",5,2021-12-24 19:30:20,le plus mieux et rapide service
a brice j bahoungbotche,"Très pratique, sécurisée et sans frais !",5,2021-12-23 23:30:22,trs pratique scurise et sans frais
Ben Ali,My mtn hum ce la vie,5,2021-12-23 23:12:25,my mtn hum ce la vie
Dieudonné Mwesswa,It wonderful,5,2021-12-18 19:26:48,it wonderful
Danielle Nga,Très bèlle app Et merci,5,2021-12-17 23:37:03,trs blle app et merci
Mama Hadja,J'aime bien quand tu veux ou tu veux ce fasil est pratiqu,2,2021-12-16 22:29:44,jaime bien quand tu veux ou tu veux ce fasil est pratiqu
Lucien Pedro,"Satisfait, merci beaucoup",5,2021-12-15 12:09:47,satisfait merci beaucoup
agema benin,Superbe application,5,2021-12-15 11:36:56,superbe application
Marc Ali,Facile à utiliser,4,2021-12-10 19:39:13,facile utiliser
Bello Sanda,Merci my mtn,5,2021-12-06 15:04:08,merci my mtn
Ovah Golden,C'EST bête ca ne donne pas mais je m'ai 5 étoiles,5,2021-12-06 11:28:18,cest bte ca ne donne pas mais je mai toiles
BENOIT OLIVIER AGBATO,Salut.. Gratuite vous dites sans connexion internet? Renvoyez bien les paramètres de votre version lite,1,2021-12-01 22:26:21,salut gratuite vous dites sans connexion internet renvoyez bien les paramtres de votre version lite
Lefa Fall,Je confirme deja,5,2021-12-01 20:20:17,je confirme deja
Mounirou Mouhamed,Très bon application,5,2021-11-24 20:53:08,trs bon application
Raïhanath Timité,Pfff très nulle,1,2021-11-24 08:51:20,pfff trs nulle
Djone Sylla,C'EST un bon apk,5,2021-11-24 00:16:13,cest un bon apk
Ben Zacky,Vous me faites un sms comme quoi j'ais reçu 1go alors que c'est faux!,2,2021-11-22 20:27:38,vous me faites un sms comme quoi jais reu go alors que cest faux
2D Elle criminel,Je suis très content,5,2021-11-22 19:44:59,je suis trs content
Bekwike Nixon Esandua,aucune innovation ! On ne peut faire aucune transaction financière avec cette application. Elle manque beaucoup de choses MTN. Difficile de consulter mon compte Momo. vos plan tarifaire sont limités... vraiment 🤦🤦,1,2021-11-18 23:24:51,aucune innovation on ne peut faire aucune transaction financire avec cette application elle manque beaucoup de choses mtn difficile de consulter mon compte momo vos plan tarifaire sont limits vraiment
Prince Sanoussi,"Actuellement je pense que c'est une très bonne application, facile pour le transfert d'argent",5,2021-11-18 20:33:02,actuellement je pense que cest une trs bonne application facile pour le transfert dargent
Lâms Nôchë,L'appli est Simple et efficace 😊,5,2021-11-18 14:12:21,lappli est simple et efficace
Kaskile Scoty,Une bonne application,5,2021-11-18 13:17:35,une bonne application
Neslandsage Oyandza,Difficile à télecharger,1,2021-11-15 09:12:18,difficile tlecharger
new video,La dernière mise a jour ne me plaît pas (3.0.3) parceque je ne peux pas supprimer les données utilisateur,1,2021-11-14 19:17:24,la dernire mise a jour ne me plat pas parceque je ne peux pas supprimer les donnes utilisateur
ménélas abidjo,"L'application est un bon début et reste perfectible. Le relevé de transaction pourrait être disponible sur la période que l'on souhaite et doit pouvoir être téléchargé au format pdf. Mais au lieu de ça, on voit juste des opérations de débit et de crédit entre des numéros (les identités ne s'affichent pas), de plus les relevés ne retracent pas les transactions à l'international.",3,2021-11-12 22:48:03,lapplication est un bon dbut et reste perfectible le relev de transaction pourrait tre disponible sur la priode que lon souhaite et doit pouvoir tre tlcharg au format pdf mais au lieu de a on voit juste des oprations de dbit et de crdit entre des numros les identits ne saffichent pas de plus les relevs ne retracent pas les transactions linternational
Kouakou mickael n'goran,"Enfaite j'ai une puce mtn mais le code puk es bloqué ,j'ai besoin de votre aide",4,2021-11-12 21:45:55,enfaite jai une puce mtn mais le code puk es bloqu jai besoin de votre aide
Gae tan,🤢🤮 ces deux emojy illustre bien mon expérience avec cette application le truc qui est bien c'est le bouton désinstaller,1,2021-11-10 11:49:47,ces deux emojy illustre bien mon exprience avec cette application le truc qui est bien cest le bouton dsinstaller
Tchouala Junior,Très belle application avec ça on n'a plus besoin de taper les codes,5,2021-11-09 21:37:27,trs belle application avec a on na plus besoin de taper les codes
Kanish Ouadika,Kanish Le Soldat Têtu Øfficiel,5,2021-11-08 21:42:08,kanish le soldat ttu fficiel
Abass Bachir,MyMtn est cool avec ses avantages. Essayez et vous verrez,5,2021-11-08 16:58:26,mymtn est cool avec ses avantages essayez et vous verrez
Kid Goku2,Bonne mise a jour simple et facile d'utilisation Pensez a inclure un theme sombre la prochaine fois,5,2021-11-08 10:18:28,bonne mise a jour simple et facile dutilisation pensez a inclure un theme sombre la prochaine fois
Lansana Fassou Haba,Trop nulle depuis la mise à jour...à ne pas installer...😡😡😡,1,2021-11-07 16:33:51,trop nulle depuis la mise jour ne pas installer
DIEUDONNE MATENDA,"Very nice, i love it so much",5,2021-11-06 19:22:14,very nice i love it so much
Ayité Edoh Bienvenue Follyvi,L'amélioration n'est pas totalement faite Revérifiez le système.,3,2021-11-05 07:50:51,lamlioration nest pas totalement faite revrifiez le systme
BOBBO Daniel Bertrand,"Cette mise à jour gâté TOUT. Plus rien ne marche, mieux vaut l'ancienne version, je désinstalle.",1,2021-11-04 19:46:22,cette mise jour gt tout plus rien ne marche mieux vaut lancienne version je dsinstalle
Jijoho Dieudonné GOHOUN,"Une très belle application. Mais assez d'insuffisance pour des raisons ci-après : Quand nous consultons le mini relevé, tous les numéros ne s'affichent pas. Surtout les opérations entre abonné et marchand, les numéros ne s'affichent pas. Après paiement, le numéro du receveur ne s'affiche pas, Dépôt entre abonnés aussi",3,2021-10-29 16:28:55,une trs belle application mais assez dinsuffisance pour des raisons ciaprs quand nous consultons le mini relev tous les numros ne saffichent pas surtout les oprations entre abonn et marchand les numros ne saffichent pas aprs paiement le numro du receveur ne saffiche pas dpt entre abonns aussi
M.H.D kaffah,"FC. Kaffah ont demandé de diminuer la facture de internet , est gratuit pour appeler vers la service.",5,2021-10-25 21:36:42,fc kaffah ont demand de diminuer la facture de internet est gratuit pour appeler vers la service
Peres Pamefa,Très cool et pratique,5,2021-10-24 11:30:50,trs cool et pratique
Jonas MEDIN,MTN est trop bon car il a facilité la tâche aux rangs à la banque,5,2021-10-22 12:51:38,mtn est trop bon car il a facilit la tche aux rangs la banque
Franck Clovis Marst KOFFI,Très novateur,5,2021-10-18 12:18:36,trs novateur
Aboubacar Soumah,Comment ouvrir le compte ? Parce que je n'arrive pas,2,2021-10-16 00:26:29,comment ouvrir le compte parce que je narrive pas
S. Belgas ADOHO,Très bonne application. Très pratique. Mais il n'y a pas tous les services Momo..,4,2021-10-14 17:44:43,trs bonne application trs pratique mais il ny a pas tous les services momo
Un utilisateur de Google,Pourquoi toujours être connecté pour l'utiliser ?????????,1,2021-10-14 16:51:02,pourquoi toujours tre connect pour lutiliser
Léa Ntone,Super j'ai la possibilité de souscrire à mes forfaits MTN et ça m'offre plus de bonus,5,2021-10-09 18:37:03,super jai la possibilit de souscrire mes forfaits mtn et a moffre plus de bonus
bembe diallo,"Cette application est nul, elle ne sert à rien. J'ai tenté plusieurs fois de me connecter, mais impossible.",1,2021-10-09 10:16:56,cette application est nul elle ne sert rien jai tent plusieurs fois de me connecter mais impossible
Patrick Tafokock,La connexion s'est améliorée,4,2021-10-08 13:42:00,la connexion sest amliore
Paul Detonde,"Vraiment cette application ma causée d'énormes problèmes : Une fois planifier la transaction d'argent, je n'ai plus la possibilité d'annuler et jusqu'aujourd'hui ca continue d'envoyer l'argent sans mon autorisation.",1,2021-10-07 18:30:02,vraiment cette application ma cause dnormes problmes une fois planifier la transaction dargent je nai plus la possibilit dannuler et jusquaujourdhui ca continue denvoyer largent sans mon autorisation
Nelson 237,salut très bonne idée mais quelques suggestions pour améliorer l'application. - Possibilité de vérifier son solde internet une fois dans l'application - Possibilité de vérifier les soldes du compte principal et autres comptes promo par exemple - Possibilité de souscrire à un forfait depuis l'application C'était avant la mise à jour. Je pense que c'est ok maintenant. Merci.,3,2021-10-04 07:12:04,salut trs bonne ide mais quelques suggestions pour amliorer lapplication possibilit de vrifier son solde internet une fois dans lapplication possibilit de vrifier les soldes du compte principal et autres comptes promo par exemple possibilit de souscrire un forfait depuis lapplication ctait avant la mise jour je pense que cest ok maintenant merci
bismarck king,"Faible control de crédit internet, juste un aperçu du compte principal.👎 Mais facile a exécuté les procédures de transféré momo et de transfert et recharge de crédit et forfait.👍",2,2021-09-27 00:42:57,faible control de crdit internet juste un aperu du compte principal mais facile a excut les procdures de transfr momo et de transfert et recharge de crdit et forfait
Hermine Epanda,"Il n'y a pas d'historique que ce soit pour les appels,les SMS, internet",1,2021-09-25 17:15:21,il ny a pas dhistorique que ce soit pour les appelsles sms internet
Biskomta Mayiba,très bon service client,5,2021-09-23 18:42:43,trs bon service client
WM H,Ce software n'est pas à la hauteur des services fournis par MTN. Suivez l'exemple d'orange qui a fait une refonte complète de son application pour passer à un niveau supérieur pour l'utilisation de son application.,2,2021-09-23 11:34:47,ce software nest pas la hauteur des services fournis par mtn suivez lexemple dorange qui a fait une refonte complte de son application pour passer un niveau suprieur pour lutilisation de son application
Mounchadini Loukoumanou,Tres bonne app merci pour ca,5,2021-09-21 22:45:31,tres bonne app merci pour ca
